Kor,Eng
우연,???
우연,Accidy
필연,Fate
,
안녕,Hello.
깼어?,You’re awake?
...,...
응,Yeah.
우선 조용히 상황을 파악하자.,Let’s stay quiet for now and figure out the situation.  
숨겨봤자 걸릴게 뻔하다. \n...상대방은 내 목소리를 못들은 것 같다.,Hiding is pointless—we’ll be caught anyway. \n...Seems like they didn’t hear my voice. 
옆에서 들린 목소리는,The voice coming from nearby was—  
여자,A Girl
남자,A Boy
부드럽고 얇은 느낌의 여자 목소리였다.,It was a woman's voice` soft and thin.
편히 듣기 좋은 남자 목소리였다.,It was a male voice that was easy on the ears.
그나저나 여긴 어디지...,Anyway` where am I...
약...약이 너무 강했나...,The medicine... Was it too strong...?
어쩌지...이러다가 죽어버리면….죽어버리면…,What do I do... At this rate` I'll die... I'll die...
손톱을 물어뜯는 건가? \n냅두면 계속해서 물어뜯을 것 같다\n우선 말려야겠지.,Are they biting their nails?\nIf I leave them be` they'll keep biting.\nI should stop them.
깼어,I woke up.
아! 다행이다! 큰 문제는 없나봐!\n혹시 죽었을까봐 걱정이었어!,Ah! Thank goodness! Looks like there's no serious problem!\nI was worried you might have died!
아무렇지 않게 말하네....,You say it like it's nothing....
자! 그럼 이제 어서 아~ 해.,"Alright! Then hurry up and say ""Ah~."""
응?,Huh?
아플 테니까 죽 먹어야지! 아~,It's going to hurt` so you should eat some porridge! Say ah~
무의식적으로 몸을 피했다. ,I instinctively dodged.
이번엔 진짜... 약은 안 탔는데....,This time` seriously... I didn't lace it....
정말인데.... ,I'm serious....
날 믿지 못하는 거야? 응?,You don’t trust me? Huh?
죽을 먹는다.,I eat the porridge.
무시한다.,Ignore it.
내가 먹을 때까지 계속 손톱을 물어뜯을 것 같다.,I think I’ll keep biting my nails until I eat.
먹을게.,I'll eat it.
어차피 내가 먹겠다 할 때까지 저러고 있었겠지.,Anyway` they would’ve kept that up until I said I’d eat it.
와~ 역시 나를 믿어주는구나! 기뻐!,Wow~ I knew you’d trust me! I’m so happy!
다 먹었네! 장하다!\n있잖아` 나도 {PlayerName}(이)랑만 붙어있고 싶은데...,
나 꼭 나가봐야 하는 일이 있어서 말이야.,I’ve got something I really need to step out and take care of.
나가지 말고 여기서 얌전히 지내고 있어야 해.,Don't go out. Just stay put here.
알았지?,Got it?
응,Yeah.
고개를 끄덕인다.,I nod.
얌전히 있기로 약속한 거야!,You promised to stay put!
나가면 너를 찾아 헤매다가 나 죽어버릴 거니까!,If you leave` I'll end up dying trying to find you!
그러니까 얌전히 자고 있어♡\n보고 싶을 거야.,So keep sleeping quietly♡\nYou're going to miss me.
역시 죽에 뭘 탔나 보다.,Just as I thought—someone laced the porridge.
시야가 흐려지고 잠이 온다,My vision blurs` and sleep comes over me.
날 납치한 납치범은 방을 나간 것 같다.,The kidnapper who abducted me seems to have left the room.
너무 반항하는 걸 티내면 날 어떻게 할지 몰라...,If I make my defiance too obvious` I don’t know what they’ll do to me...
납치범의 앞에서는 얌전한 척을 하고 납치범이 자리를 비웠을 때 탈출에 대한 정보를 찾아봐야겠다.,I'll act docile in front of the kidnapper` and when they step away` I'll look for information on how to escape.
곰인형들이 무더기로 침대 위에 올려져 있다.,Teddy bears are heaped on the bed.
잠 잘 때마다 느낀 찝찝함은 얘네들 때문이었나....,Was the nagging unease I felt every time I slept because of these things....
레이스가 잔뜩 달린 이불이다.,A heavily lace-trimmed blanket.
평소의 내 취향과는 거리가 있다.,It's far from my usual taste.
감기약과 캔에 담긴 술이다.,It's cold medicine and canned alcohol.
술과 약을 함께 먹는 건가?,Are you mixing alcohol with your meds?
약은 꽤 많이 비워져 있다.,The pills are mostly gone.
그나저나 빨대에도 리본을 달아놨네...,Come to think of it` there’s even a ribbon on the straw...
책상 위에 있는 스탠드 조명이다.,A desk lamp sits on the desk.
곰 모양의 귀가 달려 있다.,It has bear-shaped ears.
취향 한 번 확고하네.,You've got pretty firm tastes.
곰인형들이 빽빽하게 놓여진 수납장이다.,A storage cabinet crammed with teddy bears.
인형들은 모두 어딘가 서툴게 꿰매지거나 고쳐진 흔적이 있다.,All the dolls bear traces of crude stitching or repair.
직접 리폼한 건가? \n취향 한 번....,Did you rework it yourself? \nThat's... quite a taste....
침대 위에 놓인 베개이다.,A pillow rests on the bed.
이불과 마찬가지로 레이스가 많이 달려 있다.,Just like the blanket` it’s trimmed with a lot of lace.
응? 뭐가 잡히는 것 같기도 하고...,Huh? I think something's caught...
기분 탓이 아니었다.,It wasn’t just my imagination.
베개 안엔 캐릭터 모양의 부적이 들어있다. \n건강이라 써져 있는 건가?,There’s a character-shaped charm inside the pillow. \nIs that ‘health’ written on it?
찝찝하게 베개에 넣어놨네....,Gross—they hid it inside the pillow....
이미 조사했어. \n다른 걸 살펴보자.,I've already checked this.\nLet's look at something else.
우연의 일기장이다. \n잠금 장치가 걸려 있다.,Accidy's diary.\nIt's locked.
하트 안에 생일 케이크가 들어있는 표지다.,It's a cover with a birthday cake inside a heart.
20XX년 11월 1일,November 1` 20XX
내일은 혼자 바다를 보러 간다. ,Tomorrow` I'm going to see the ocean alone.
나랑 같이 보러가자고 약속했으면서….\n나를 사랑한다고 했으면서…. ,You promised we'd go see it together...\nYou said you loved me...
거짓말은 싫어.\n그치만 사랑해. 보고 싶어. ,I hate lies.\nBut I love you. I miss you.
아` 이미 죽었지.,Ah` already dead.
우연의 일기 내용이다.,It's an entry from Accidy's diary.
약 때문에 기억이 흐릿하지만 확실히 지금은 10월이다.\n달을 착각한 것 같다.,The medication has my memory hazy` but I’m certain it’s October now.\nI must have gotten the month wrong.
무엇보다....\n나 이전에도 잡혀온 사람이 있었던 것 같아.,More than anything....\nI think someone was dragged here before me.
다이어리가 열리지 않는다.,The diary won't open.
이 비밀번호가 아닌가보다.,Looks like this isn’t the password.
곰인형 사이에 시계가 있다.,There is a clock between the teddy bears.
시계가 멈춰 있네` 고장났나?,The clock has stopped` Is it broken?
시계 안에 열쇠가 들어있다.,There's a key inside the clock.
열쇠는 빼고 시계는 제자리에 냅두자.,Let's remove the key and leave the clock where it is.
우연의 노트북이다. \n비밀번호가 걸려 있다.,It's Accidy's laptop. \nIt's locked with a password.
힌트는 [빨강 민트 보라 보라 핑크]...?,Is the hint [red mint purple purple pink]...?
우연의 노트북이다. ,It's Accidy's laptop.
편히 많이쓰는 채팅 어플이랑....SNS인가?,The messaging app we use all the time.... social media?
노트북이 열리지 않는다.,The laptop won’t open.
자퇴서이다.,It's a school withdrawal form.
이름 칸에 우연이라고 적혀 있다,The name field reads Accidy.
이름이 우연이 맞았구나...,So the name was Accidy after all...
카펫이 원래대로 돌아갔다.,The carpet returned to normal.
베개 안에서 [건강]이라고 적혀 있던 [캐릭터 부적]을 발견했다. \n미신에 기댈 정도로 몸이 안 좋은 건가?,I found a [character charm] labeled [health] inside the pillow.\nAre they so sick they’re resorting to superstition?
내 생일을 비밀번호로 한 [우연의 일기장]이다. \n[날짜를 착각]한 일기엔 나 이전에도 [누군가를 납치]한 내용이 적혀 있었다.,
[6시 30분]으로 맞추니 시계가 열렸다. \n[시계 안]에는 알 수 없는 [열쇠]가 들어있었다.,When I set it to [6:30]` the clock opened. \nThere was an unknown [key] [inside the clock].
우연의 [노트북]을 열었다. \n그 안에는 이런저런 내용이 있었다.,I opened Accidy's [laptop]. \nIt was full of all sorts of things.
바다가 그려진 포스터다. ,It's a poster of the sea.
처음에 일어났을 땐 창문인 줄 알았어....,When I first woke up` I thought it was a window....
[칼]이 있으면 뜯을 수 있을지도.,If I had a [knife]` I might be able to pry it open.
꾸며져 있는 커터칼이다.,A decorated box cutter.
어딘가에 쓸 일이 있을지도 모르니 챙겨두자.,It might come in handy somewhere. Let’s hold onto it.
커터칼로 포스터의 밑부분을 살살 긁었다.,I carefully scraped along the bottom edge of the poster with a box cutter.
포스터의 뒷장에는 연인끼리 가기 좋은 데이트 장소라고 적혀있다.,The back of the poster says it’s a good date spot for couples.
이런 거에 로망이 있나?,Is there really anything to romanticize about this?
다시 원래대로 붙여두자.,Let's put it back the way it was.
창문처럼 보이는 [포스터]를 발견했다. \n뒷장을 살펴보니 [데이트명소를 홍보]하는 홍보 포스터였다.,I found a [poster] that looked like a window. \nChecking the back` it turned out to be a promotional poster [promoting date spots].
우연의 옷장이다.,It's Accidy's closet.
...취향이 역시 확고하단 말이지.,...so your preferences really are set in stone` after all.
취향이 확고한 우연의 가방이다. \n전단지가 삐져나와 있다.,It's Accidy's bag—their tastes are very particular. \nA flyer is sticking out.
고양이의 티타임...... \n내가 자주 가던 프랜차이즈 카페이다. \n오픈이 [6시 30분]이라 밤샐 때 용이했지.,
자물쇠로 잠겨 있는 상자이다. \n[열쇠]가 필요해.,It's a box locked with a padlock. \nA [Key] is required.
내가 자주 가던 프랜차이즈 [카페의 전단지]를 발견했다. \n오픈이 [6시 30분]이라서 홍보를 많이 했던 기억이 있다.\n나도 시험 기간에 자주 방문했었지.,I found a [cafe flyer] from a chain I used to frequent.\nI remember they promoted it a lot because they opened at [6:30].\nI used to stop by often during exam season` too.
상자가 열렸다. \n그 안에서 사진 뭉텅이들이 나왔다.,The box opened. \nStacks of photographs spilled out from inside.
평소 내가 자주 가던 장소들과 내 사진이다. \n그리고 몇몇 장소는 처음 보는 장소들의 사진들도 있다.,They’re photos of the places I used to frequent` and of me.\nAnd there are also photos of a few places I’ve never seen before.
근데 숫자는 왜 적혀있는거지...?,But why are there numbers written...?
문이 유리로 된 서랍장이다. \n딱히 잠겨 있진 않아서 쉽게 문이 열린다.,It’s a glass-fronted cabinet. \nIt isn’t locked` so the door swings open easily.
내 생일이 표시되어 있다.,My birthday is marked.
내 생일을 어떻게 안거지?,How did you know it was my birthday?
또 다른 누군가의 생일이다.,It's another person's birthday.
우연의 생일인가?,Is it Accidy's birthday?
11월 2일이 가려져 있다.,November 2nd is obscured.
이유를 모르겠다. ,I don't know why.
10월 13일에 성공이라고 쓰여져 있다.,"It says ""Success"" on October 13."
납치를 성공했다는 뜻이겠지.,I guess that means the kidnapping was a success.
달력에 내 생일이 기록되어 있었다.,My birthday was marked on the calendar.
우연의 생일은 6월 16일인 것 같다.,Accidy’s birthday seems to be June 16.
11월 2일이 지워져 있었다.\n이유는 모르겠다.,November 2nd had been erased.\nI don't know why.
10월 13일에 성공이라 쓰여져 있었다. \n내가 이 날 납치당한 듯하다.,October 13 was marked “success.” \nIt seems I was abducted that day.
{PlayerName}!! 잘 있었어?,{PlayerName}!! Have you been well?
우연이 귀가했다.,Accidy has returned home.
아 오늘도 진짜 너무 보고 싶었어.\n나 오늘은 길에 나갔는데 어떤 짜증 나게 생긴 사람이 자꾸 나한테 말을 걸던 거 있지?,Ah` I really missed you so much today` too.\nI went out today` and guess what—some annoying-looking person kept trying to talk to me.
자꾸 따라오던 게 얼마나 기분 나빴는지 몰라.,You have no idea how awful it felt when you kept following me around.
사람들이 너무 싫어 나는 평생 {PlayerName}(이)랑만 살고 싶다.,I hate people so much. I just want to live with {PlayerName} forever.
밖에 나가기 싫어….,I don't want to go outside….
그래도 일이 있는 거 아니야?,But don't you have work to do?
뭐…. 하아. 진짜 {PlayerName}이(가) 없으면 나 죽어버릴지도 몰라.,Well... Sigh. Seriously` without {PlayerName}` I might just die.
무슨 그런 말을 해....,Why would you say something like that....
그러던가.,Suit yourself.
장난같아?,You think this is a joke?
….,….
사랑해. 우리 꼭 영원히 함께하자` \n응? 떠나면 안 돼. 알았지?,I love you. Let's be together forever` \nHm? Don't leave. Got it?
[난 당부했어\n떠나지 말라고.],[I told you\nnot to leave.]
{PlayerName}! 나왔어~! ,{PlayerName}! I'm out!
역시 밖에 나가는 건 너무 싫어.\n다들 나를 무섭게 바라보고 있는 것만 같아.,I knew it—I really hate going outside.\nIt feels like everyone is staring at me menacingly.
오늘도 밖에서 누가 나를 무섭게 쳐다볼까 봐 걱정됐어.\n역시 방 안에만 있는 게 가장 좋은데….,I was afraid again today that someone outside would stare at me in that scary way.\nAfter all` it's best to just stay in my room….
그래도 나가야 하는 거 아니야?,Still` shouldn't we get out?
고분고분 말 잘 듣는 척을 하며 대답했다.,I answered` feigning obedience.
하….있지 나는 어른이 정말 싫어.\n금방이라도 나에게 큰소리로 화낼 것 같아…,Sigh... You know` I really hate adults.\nIt feels like they'll start yelling at me any second…
...갑자기?\n무슨 일이 있었나.....,...Suddenly?\nDid something happen.....
그러니까 {PlayerName}이(가) 옆에서 꼭 나를 예뻐해줘야 해.\n화내면 안 돼.\n큰 소리도 안 돼.,---TRANSLATION ERROR---
....,....
떠나도 안 돼.\n사랑한다고만 해줘.,You can't leave.\nJust say you love me.
….,….
차마 대답을 할 수 없었다.,I couldn’t bring myself to answer.
사랑해.,I love you.
일주일간 방을 뒤졌다.\n그 결과 우연이 날 가둔 건 계획됐다고 결론 내렸다.,I ransacked the room for a week.\nAs a result` I concluded that Accidy had planned to lock me in.
여기서 섣불리 나간다면 분명 다시 잡혀 올 거야...,If we rush out of here` we'll definitely be caught and dragged back...
우연이 어떤 사람인지 좀 더 확실하게 알아야 할 필요성이 있어.,We need a clearer idea of what kind of person Accidy is.
이번 일주일은 우연을 따라다니며 우연의 생활 패턴을 분석해봐야겠다.,Over the next week` I'll follow Accidy around and analyze their daily routine.
내가 갇혀 있던 빌라인가...\n원래 살던 곳과 가까운 곳에 있었네.,Is this the villa I was locked up in...?\nTurns out it was close to where I used to live.
오히려 너무 평범한 곳이라서 놀랐어.,I was actually surprised by how ordinary it was.
2층에 있는 빵집이다\n갓 구운 빵 냄새가 난다.,It's the bakery on the second floor\nIt smells of freshly baked bread.
우연이 가끔 사오는 빵이 여기에서 사온 거였나?,Was this where Accidy sometimes bought the bread?
평범한 편의점이다.\n우연이 여기서 도시락을 자주 사왔던 것으로 기억한다.,Just a normal convenience store.\nI remember Accidy used to buy boxed lunches here a lot.
칵테일 바다.\n유흥가인 게 티가난다.,A sea of cocktails.\nYou can tell it’s a nightlife district.
지금은 영업시간이 아닌 것 같아,Looks like they’re closed right now.
이자카야다.,It's an izakaya.
고양이다.\n밤이 아니어서 그런지 자고 있다.,It's a cat.\nMaybe because it's not night` it's asleep.
귀엽네....,Cute....
고양이의 티타임.\n내가 자주 가던 저가형 프랜차이즈 카페이다.,Cat's Tea Time.\nIt's a budget chain cafe I used to frequent.
우연이 방금 이곳에서 커피를 사갔다.,Accidy just picked up a coffee here.
조사할 만한 게 있나?,Anything worth investigating?
내가 자주 가던 카페이다.\n우연도 이 곳을 자주 찾는 건가?,I used to come to this cafe a lot.\nDoes Accidy come here often too?
내가 자주 가던 카페이다.\n또한 우연의 가방에서 발견한 전단지의 장소이다.\n우연도 이곳을 좋아하나...?,It’s a café I used to frequent.\nIt’s also the place on the flyer I found in Accidy’s bag.\nDoes Accidy like this place too...?
우연이 시킨 영수증이다.\n쓰레기통에 한 번에 넣지 못한 듯하다.,It's the receipt for Accidy's order.\nLooks like it didn't make it into the trash can in one try.
카페라떼.... 내가 가장 좋아하는 메뉴인데.\n우연도 카페라떼를 좋아하나?,Cafe latte.... It's my favorite menu item.\nDoes Accidy like cafe latte too?
우연이 카페라떼를 결제한 영수증을 발견했다.\n우연도 카페라떼를 좋아하나?,I found the receipt for a cafe latte Accidy paid for.\nDoes Accidy like cafe lattes too?
내가 갇힌 곳 앞에 있는 신호등이다.\n그냥 평범해 보인다.,It's the traffic light in front of where I'm trapped.\nIt just looks ordinary.
근데 우연은 왜 뚫어져라 바라본건지?,But why was Accidy staring so intently?
우연은 신호가 바뀌고서도 가만히 멈춰서서 [신호등]을 멍하니 바라보았다.\n이유가 있는 걸까?,Even after the light changed` Accidy stood still` staring blankly at the [traffic light].\nWas there a reason?
우연이 마시던 카페라떼다.\n두 모금 정도만 마신 것 같다.,It’s the cafe latte Accidy was drinking.\nLooks like only about two sips were taken.
별로 안 좋아하는 것 같은데 왜 이걸 마셨을까?,You don’t seem to like it much—so why did you drink this?
우연은 카페라떼를 별로 안 좋아하는 것 같았다.\n왜 굳이 좋아하지도 않는 카페라떼를 마시는 걸까?,Accidy didn’t seem to be very fond of cafe lattes.\nSo why bother drinking a cafe latte they don’t even like?
잠긴 상자를 열었더니 사진들이 뭉텅이로 나왔다.\n내가 [자주 가는 장소]들과 [가고 싶었던 장소]의 사진들이었다.,When I opened the locked box` a thick stack of photos spilled out.\nThey were photos of [places I often go] and [places I wanted to visit].
내가 좋아하는 스타일의 옷가게다.\n우연이 이곳으로 들어간 것 같다.,A clothing store in my style.\nLooks like Accidy went inside.
우연의 취향은 이런 옷 스타일이 아니었던 것 같은데?,This kind of outfit wasn’t Accidy’s style` was it?
우연이 자신의 취향이 아닌 옷가게에 익숙한 듯이 들어갔다.,Accidy walked into a clothing store that wasn’t their style` as if they were used to it.
우연 취향의 옷가게\n2층에 있는 옷가게인데 우연은 믿을 수 없을 정도로 빨리 나왔다.,Accidy’s kind of clothing shop\nIt’s a clothing store on the second floor` but Accidy left unbelievably quickly.
많이 산 것 같은데 10분도 안 걸렸어....,Feels like I bought a lot` but it didn't even take 10 minutes....
우연은 자신의 취향의 옷가게에서 10분도 안 되어 옷을 잔뜩 사들고 나왔다.\n이게 가능한 건가?,Accidy came out of a clothing store that matched their taste` arms full of clothes` in less than ten minutes.\nIs that even possible?
그냥 평범한 공사장이다.\n우연이 멈춰서서 한동안 뚫어져라 바라봤다.,Just an ordinary construction site.\nAccidy stopped and stared for a long while.
봐도 어떤 공사인지 잘 모르겠는데....,Even looking at it` I still can't tell what kind of construction this is....
우연은 [공사장]을 가만히 서서 뚫어져라 바라봤다.,Accidy stood motionless` staring intently at the [construction site].
오므라이스 전문점이다.\n맛있는 냄새가 여기까지 난다.,It's an omurice specialty shop.\nA delicious smell wafts all the way over here.
칵테일 바다.\n아직 영업 시간이 아닌 듯하다.,It’s a cocktail bar.\nLooks like it’s not open yet.
여러 화장품 브랜드를 다루는 화장품 가게다.\n세일 중인가?,It’s a cosmetics shop that carries various brands.\nAre they running a sale?
뮤직바다.\n아직 영업을 하고 있지 않은 것 같다.,Music Sea.\nIt looks like they’re not open yet.
클럽이다.\n아직 영업 전이라 그런지 시끄럽진 않다.,It's a club.\nMaybe because they haven't opened yet` it's not noisy.
맥주 전문점이다.\n아직 영업을 안 하는 것 같다.,It's a beer bar.\nIt looks like they're not open yet.
먼저 방을 둘러볼까?,Shall we look around the room first?
[화살표를 누르면 시점을 이동]할 수 있다.,You can [press the arrow to move the viewpoint].
방을 가볍게 둘러봤다.\n방을 둘러보다 보니 카펫에 발이 걸리는 기분이 들었다.\n[카펫과 의자가 보이는 면]으로 돌아가서 [카펫을 눌러] 들춰보자.,I took a quick look around the room.\nAs I looked around` I felt my foot catch on the carpet.\nGo back to [the side with the carpet and chair] and [press the carpet] to lift it.
의자가 카펫 위에 있어서 카펫을 들출 수 없는 것 같아.,The chair’s on the carpet` so I don’t think I can pull up the carpet.
우선 [의자를 눌러서] 옆으로 밀고\n[그다음 카펫을 조사]해보자.,
카펫의 아래엔 종이가 있다.,There’s a piece of paper under the carpet.
[종이를 조사]하자.,Let's [examine the paper].
납치범은 주말엔 집에서 나가지 않는것 같다.,It seems the kidnapper doesn't leave the house on weekends.
카펫을 들추고 종이를 조사하니 [몸이 조금씩 피로해지는 것 같아.],After lifting the carpet and examining the paper` [I feel my body getting a little more fatigued.]
[조사할 때마다 피로도가 감소한다].\n피로도를 신경 쓰며 조심조심 활동하자.,[Fatigue decreases every time you investigate].\nKeep an eye on your fatigue and proceed with extra care.
납치범이 돌아오기 전에 [피로도를 고려하여 방을 조사해보자.],Before the kidnapper comes back [Let's investigate the room` taking our fatigue into account.]
아직 뜯지 않은 듯한 쇼핑백이 무더기로 있다.,There are piles of shopping bags that look like they haven’t been opened yet.
옷 사는 걸 좋아하는 건가?,Do you like buying clothes?
평범한 포스터들이다.\n방을 꾸미기 위해서 산 것 같다.,Just ordinary posters.\nLooks like they were bought to decorate the room.
방이랑 잘 어울린다고 해야 하나....,I guess it suits the room....
수납장 안에도 곰인형이 가득하다.\n전부 어딘가 리폼한 듯한 흔적들이 있다.,The cabinet is crammed with teddy bears` too.\nThey all show signs of having been altered somehow.
이건 모으는 것도 일이겠어.,Gathering these is going to be a job in itself.
저 사람은 뭐야!\n사람을 쳐두고 사과도 안 하네?!,What is wrong with that person!\nThey hit someone and don't even apologize?!
이래서 요즘 어린 것들은!,This is what's wrong with kids these days!
우연은 사람이 앞에 있는데도 무시하고 사람의 어깨를 쳤다.,Accidy ignored the person right in front and shoulder-checked them.
잠시 비웃는 표정이었던 것 같은데....,I thought I saw a smirk for a moment....
우연은 길의 행인을 보고도 피하지 않고 어깨를 쳤다.\n그러고는 비웃는 것 같은 얼굴로 행인을 바라봤다.,Accidy saw a passerby on the street and didn’t step aside` shoulder-checking them.\nThen` with a sneer` Accidy looked at the passerby.
중심을 잃고 쓰러진 개업축하 화환이다.\n우연은 화환이 쓰러지기 전에 피해서 다치진 않았다.,It’s a toppled grand-opening congratulatory wreath.\nAccidy dodged it before it toppled and wasn’t hurt.
우연은 분명 화환 쪽으로 시선도 돌리지 않았어...,Accidy definitely didn't even glance toward the wreaths...
우연은 화환이 [쓰러지기 전에] 화환을 보지도 않고 [피했다.],
우연은 정말 주말 동안 한시도 내 곁에서 떨어지지 않았다.,Accidy didn’t leave my side for a single moment all weekend.
우연은 내가 말을 잘 따를 때마다 기쁘다는 듯이 반응했다.\n덕분에 나에 대한 감시 역시 조금 느슨해진 것 같다.,Accidy reacted as if pleased whenever I did as I was told.\nThanks to that` the surveillance on me seems to have eased a little` too.
지금이라면 외출을 해볼 수 있을 것이다.,I should be able to step outside now.
실수로 떨어뜨린 여분용 열쇠도 챙겼고...,And I picked up the spare key I accidentally dropped` too...
응? {PlayerName} 방금 뭐라고 그랬어?,Huh? {PlayerName}` what did you just say?
아니야.,No.
우연은 오랫동안 나를 감시해온 게 분명하다.\n섣불리 탈출을 시도했다가 또다시 감금될 수 있다.,It’s clear Accidy has been watching me for a long time.\nIf I try to escape rashly` I could be locked up again.
[우선 우연을 따라다니며 우연의 생활 반경을 조사하는 게 먼저야.]\n그래야지 어떻게 도망갈지 생각해볼 수 있겠지.,[First` we need to tail Accidy and map out Accidy’s usual haunts.]\nOnly then can we figure out how to escape.
그럼 나 나갔다 올게~!\n오늘도 나가지 말고 방에 잘 있어야 해. 사랑해 {PlayerName}!,Alright` I'm heading out for a bit~!\nStay put in your room and don't go out today. Love you` {PlayerName}!
우연이 나가고 조금 기다린 후에 따라 나왔다.\n생각보다 내가 살던 곳과 가까웠다.,After Accidy left` I waited a moment and followed them out.\nIt was closer to my old place than I’d expected.
우연이 아까 신호등을 보고 있었지?,Accidy was staring at the traffic light earlier` right?
[신호등을 조사해보자],[Investigate the traffic light]
이럴때가 아니야. 이러고 있다간 우연을 놓치겠어.,Now’s not the time. If I keep this up` I’ll lose Accidy.
나도 빨리 따라가야지.,I should hurry and follow` too.
[우연이 뒤를 돌아본다.],[Accidy looks back.]
이런 식으로 우연에게 들키지 않도록 조사하면 될 듯하다.,Looks like I should investigate this way so Accidy won't notice.
너무 우연과 가깝게 다가가면 우연의 의심을 사게 될거야.,If you get too close to Accidy` you’ll draw Accidy’s suspicion.
반면 너무 멀어지면 우연을 찾을 수 없게될지도 몰라...,On the other hand` if you go too far` you might not be able to find Accidy...
[우연과 거리를 고려하며 조사하자],[Investigate while keeping your distance from Accidy]
오늘은 그냥 쉴까?,Should I just take a break today?
조사하자.,Let's investigate.
그만두자.,Let's stop.
쉬고 났더니 꽤 많은 시간이 흐른 것 같았다.,After I’d rested` it felt like quite a lot of time had passed.
그래도 푹 쉬니 편하긴 하네.,Still` after a good rest` I do feel better.
조사하면 시간이 흐른다. 그래도 조사해볼까?,Investigating will make time pass. Investigate anyway?
슬슬 돌아갈 시간 같은데...,Looks like it’s about time to head back...
{PlayerName}....보고 싶다....,{PlayerName}....I miss you....
{PlayerName}도 나만 생각하며 기다리고 있겠지?,{PlayerName} must be waiting for me` thinking only of me too` right?
슬슬 돌아가야겠어! ,Time to head back!
아직 둘러보지 않은 면이 남은 것 같아. 우선 [방의 모든 면을 둘러보자.]\n화면 좌우에 위치한 [화살표 버튼]을 누르면 방의 다른 면으로 갈 수 있다.,It looks like there's still a side we haven't checked yet. First` [Let's check every side of the room.]\nPress the [arrow button] on the left and right sides of the screen to move to another side of the room.
[카펫과 의자가 보이는 면]으로 돌아가서 [카펫을 눌러] 들춰보자.,Go back to [the side where the carpet and chair are visible]` then [press the carpet] to lift it.
[카펫을 눌러] 들춰보자.,[Press down on the carpet] Let's lift it up.
[카펫과 의자가 보이는 면]으로 돌아가서 [종이를 눌러] 조사해보자.,Go back to the [side where the carpet and chair are visible] and [press the paper] to investigate.
[종이를 눌러] 조사해보자.,[Press the paper] Let's investigate.
혹시 모르니까 카펫은 다시 덮어두는 쪽이 좋겠어..,We should cover the carpet back up` just in case..
[카펫을 눌러] 다시 덮어두자.,[Press the carpet] Let's cover it back up.
[카펫을 덮자.],[Let's cover it with the carpet.]
내 생일 말고도 다른 표시가 [하나 더] 되어 있는 것 같은데...?,It looks like there’s [one more] mark besides my birthday…?
{PlayerName}? 왜 여기 있어?,{PlayerName}? Why are you here?
어...,Uh...
난 {PlayerName}을(를) 믿고... 두고 간 건데.... 설마 도망치려 한 건 아니지?,I trusted {PlayerName}... and left you there.... You weren't trying to run away` were you?
열쇠는 고의로 두고 간 거구나.\n내가 섣불렀어.,You left the key on purpose.\nI acted too rashly.
답답해서...,It’s suffocating...
네가 보고 싶어서.,Because I wanted to see you.
내가분명방에있으라고그랬잖아.\n나두고없어지면죽어버린다고그랬잖아,DIDN'T I TELL YOU TO STAY IN THE ROOM?\nDIDN'T I TELL YOU I'D DIE IF YOU DISAPPEARED AND LEFT ME BEHIND?
내가죽었으면좋겠어서그렇게한거야?\n아니다내가없으니까내가너무보고싶었구나?,DID YOU DO THAT BECAUSE YOU WANTED ME TO DIE?\nNO` IT'S BECAUSE I WAS GONE—YOU MISSED ME SO MUCH` DIDN'T YOU?
그치?응{PlayerName}이(가)날배신할일없어\n근데정말왜나온거야?,RIGHT? YEAH` {PlayerName} WOULD NEVER BETRAY ME\nBUT WHY DID YOU REALLY SHOW UP?
내가 무슨 말을 해도 통하는 상태가 아닌 것 같다.,It seems like nothing I say is getting through.
아`그래.{PlayerName}은(는)날너무너무좋아하니까나온거야\n그래서날못보면안되니까그런거야.,
분명전에도내가걱정된다고말해줬으니까\n날생각해서그런거야,
맞아나도항상{PlayerName}을(를)생각하고걱정하고있으니까.,RIGHT` BECAUSE I'M ALWAYS THINKING OF AND WORRYING ABOUT {PlayerName}` TOO.
우리 같이 돌아가자!,Let's go back together!
갑자기 우연이 평소대로 돌아왔다.,Suddenly` Accidy returned to normal.
지금 함께 돌아가야 하나,Do we have to go back together now?
응` 돌아가자,Yeah` let's go back
...,...
내가보고싶었다고?\n정말이야?{PlayerName}은(는)날정말좋아하는구나\n설마나한테거짓말을치진않았겠지,
근데왜내말을안들어주는거야?\n날사랑하지않는건가?\n난항상열심히{PlayerName}을(를)대했는데,
분명{PlayerName}이(가)나오면나죽을지도모른다고했잖아.\n내말은기억도안해주는거야?\n역시내가죽었으면좋겠다고생각했구나,
응!,Yeah!
우연이 팔을 잡아 이끈다.\n우연에 맞춰 무거운 발걸음을 옮겼다.,Accidy grabs my arm and leads me.\nI dragged my heavy feet to keep pace with Accidy.
왜 대답 안 해?,Why won't you answer?
우연이 팔을 잡았다.,Accidy grabbed my arm.
아니면 진짜 내가 죽었으면 좋겠어? ,Or do you really want me to die?
잠시 떨리는 손으로 뭔가를 찾는듯했다.,For a moment` they seemed to be searching for something with trembling hands.
냅두면 큰 일이 날 것 같았다.,It felt like something terrible would happen if I left it alone.
돌아가자.,Let's go back.
응! 돌아가자!,Yeah! Let’s go back!
언제 손을 떨었냐는 듯 금방 원래대로 돌아왔다.,As if their hands had never been shaking` they were back to normal in no time.
우연이 팔을 잡아 이끈다.\n우연에 맞춰 무거운 발걸음을 옮겼다.,Accidy grabs my arm and pulls me along.\nI dragged my heavy feet to match Accidy’s pace.
한 번 조사했던 것이다. 다시 조사해볼까?,I already examined this once. Should I take another look?
술과 감기약이 함께 놓여 있다.\n감기 기운은 없어 보였는데` 감기약이 많이 줄어 있었다.\n자주 이렇게 마시던 걸까?,
침대다. 조사를 할까?\n아님 휴식을 해볼까?,It's a bed. Should I examine it?\nOr try resting?
조사하자.,Let's investigate.
휴식하자.,Let's rest.
카펫을 들추니 자퇴서를 발견했다.\n자퇴서에는 날 가둔 사람의 모습과 이름이 써있었다.\n납치범의 이름은 [우연]이었다,I lifted the carpet and found a school withdrawal form.\nOn the form were a description and the name of the person who had locked me up.\nThe kidnapper’s name was [Accidy].
아` 까먹기 전에 [중요해보이는 단서는 메모]에 적어놔야겠어.,
조사한 [단서에 대해 궁금해지면 메모]를 살펴보자.,
기존에 플레이했던 데이터가 있습니다.\n처음부터를 실행하면 [세이브 파일이 영구적으로 소실]됩니다.\n처음부터 실행하시겠습니까? ,Existing play data found.\nIf you start from the beginning` [save data will be permanently lost].\nStart from the beginning?
처음부터 실행하시겠습니까? ,Start from the beginning?
정말 [처음부터] 실행하시겠습니까? ,Are you sure you want to start [from the beginning]?
내가 갇힌 빌라다.\n밤이라 그런지 어두워 보인다.,This is the villa I'm trapped in.\nIt looks dark` maybe because it's night.
이런 밤에 나올 이유가 있나?,Any reason to be out on a night like this?
칵테일 바다.\n밤이라 그런지 전과 달리 영업 중이다.,The cocktail bar.\nMaybe because it’s night` unlike before` it’s open for business.
시끄럽네,It's noisy.
2층에 있는 빵집이다\n마감 준비를 하고 있는 것 같다.,It's the bakery on the second floor\nLooks like they're getting ready to close.
정신없어 보이네.,You look disoriented.
맥주 전문점이다.\n사람들이 북적인다.,It's a beer bar.\nIt's bustling with people.
시끄러운 소리가 여기까지 들려.,I can hear that loud noise all the way here.
이자카야다.\n꼬치 냄새 때문에 조금 배고파졌다.,It's an izakaya.\nThe smell of skewers made me a little hungry.
맛있겠네....,Looks delicious....
고양이의 티타임.\n아직도 영업중이다.,Cat's Teatime.\nStill open for business.
밤을 새야 할 일이 있을 때 진짜 좋았던 카페야.,This was a really good cafe whenever I had to pull an all-nighter.
캐주얼한 스타일의 옷가게다. ,It’s a casual clothing store.
늦은 시간까지 영업 중이네....,They're still open this late....
우연의 취향과 비슷해 보이는 옷가게다.\n마감 중인 것 같다.,A clothing store that seems to fit Accidy's taste.\nLooks like they're closing up.
술집이다.\n방금 영업을 시작했는지 바빠 보인다.,It's a bar.\nIt looks busy` as if they've just opened for business.
칵테일 바다.\n커플들이 자주 찾는 곳 같다.,A cocktail bar.\nLooks like couples come here a lot.
우연이 자리에 멈춰서 한동안 바라봤다.,Accidy stopped in their tracks and stared for a while.
오므라이스 전문점이다.\n아직 마감 준비를 안 하는 것으로 봐선 늦게까지 영업하나 보다.,It's an omurice specialty restaurant.\nJudging by the fact they haven't started closing up yet` they must stay open late.
와인도 판매하는 건가?,Do they sell wine too?
뮤직바다.\n옛날 영화 속 노래가 작게 여기까지 들린다.,Music Bada.\nA song from an old movie can be heard faintly even here.
여름에 잘 어울리는 곡이라고 생각했는데\n밤에 들으니 꽤 잘 어울리는 것 같기도 하고....,I thought it was a song that suited summer well`\nbut listening to it at night` it actually fits quite well too....
여러 화장품 브랜드를 다루는 화장품 가게다.\n저번에도 세일 중이었던 것 같은데...,A cosmetics store that carries various brands.\nI think they were having a sale last time` too...
밤인데도 사람이 많아.,It's night` but there are a lot of people.
생맥주 전문점이다.\n여기도 사람이 엄청 많다.,It’s a draft beer bar.\nIt’s packed with people here` too.
시끄러워....,Shut up....
클럽이다.\n영업을 시작해서 그런지 귀가 아플 정도로 음악 소리가 울린다.,It's a club.\nMaybe because they're open for the night` the music is pounding loud enough to make my ears ache.
이런 곳을 왜 가는 거지?\n우연도 이런 곳을 좋아하나?,Why are we going to a place like this?\nDoes Accidy like places like this` too?
신호등의 불이 잘 안 들어오고 있다.\n우연은 신호등을 보더니` 잠시 멈춰 한숨을 쉬다가 화가 난 표정으로 손톱을 뜯었다.,
저렇게 화낼만한 일은 아닌 것 같은데...,I don't think it's something to get that angry about...
새로...아.,New... ah.
횡단보도 앞에서 호객행위를 하고 있다.\n우연에게 다가가려 한 것 같은데 우연이 보지도 않고 빠르게 지나갔다.,They’re touting for customers in front of the crosswalk.\nIt looked like they tried to approach Accidy` but Accidy hurried past without even looking.
저번에도 느꼈지만 눈치가 엄청 빠른 것 같단 말이지...\n자주 겪은 일이라 익숙한 건가?,I noticed it before` too—you’re uncannily perceptive...\nIs it because you’ve been through this so often that you’re used to it?
새로 오픈했어요.\n첫방문은 체키 무료니까 놀러와요~,We just opened.\nFirst-time visitors get a free instant photo` so come visit~
아...네....,Ah... yes....
24시간 운영 중인 편의점이다.\n우연이 저기서 또 술을 산 것 같다.,A 24-hour convenience store.\nIt looks like Accidy bought alcohol there again.
점원이 상당히 익숙한 듯 결제해줬다.\n어쩐지 집에 점점 쓰레기가 쌓인다 싶더니 자주 들리나보다.,The clerk rang me up with practiced ease.\nNo wonder the trash keeps piling up at home—I must come here all the time.
다른 것도 꽤 산 것 같은데...,I think we bought quite a bit of other stuff` too...
저기 같이 택톡 찍을래?,Hey` want to shoot a TakTok together?
SNS 같은 거 해? 연결하자.,Are you on social media? Let's connect.
우연과 비슷한 옷차림을 한 가출청소년들이다.\n우연에게 다가가 말을 건 것 같았다. ,They were runaway teens dressed like Accidy.\nIt looked like they went up to Accidy and started talking.
우연도 무슨 얘기를 한 것 같은데…,I think Accidy said something too...
방금 돌아갈 곳이 있다면 빨리 돌아가라 그랬지?,I just told you: if you’ve got somewhere to go back to` go back quickly` didn’t I?
좋은 사람 같았어.\n뭐 돌아갈 곳은 없지만…,They seemed like a good person.\nWell` I don't have anywhere to go back to` but…
편의점에서 방금 산듯한 삼각김밥을 손에 들고 바라보며 얘기하고 있다.,They are talking` staring at a triangular kimbap in their hand that looks like it was just bought at the convenience store.
내 스타일의 옷가게다.\n우연이 방금 들어갔다가 나왔다.,This is my kind of clothing store.\nAccidy just went in and came back out.
우연의 스타일이 아닌데?,That's not Accidy's style` is it?
방에도 내 사이즈의 저 브랜드 옷들이 많았지.,There were plenty of that brand’s clothes in my size in the room` too.
아마....,Maybe....
응급실이 있는 대형 병원이다.\n전에 봤을 땐 공사터였는데 완공됐나 보다.,A large hospital with an emergency room.\nLast time I saw it` it was a construction site` but it looks like it’s finished now.
우연의 방에서 병원의 개업 전단지를 봤었지.,I remember seeing a grand opening flyer for the hospital in Accidy's room.
우연이 병원 앞에서 병원을 꼼꼼히 살펴보았다.,Accidy stood out front and scrutinized the hospital.
병원에 일이라도 있나?,Is there something going on at the hospital?
약은 여기서 처방받은 건 아닌 것 같았는데.,It didn’t seem like the medicine was prescribed here.
하아` 저런 가출하는 애들이 점점 늘어나서 골치 아파 정말.,Sigh` More and more kids like that are running away—what a headache` seriously.
유흥가라 그런지 경찰이 있다.\n경찰은 지나가는 우연을 흘려보듯 바라봤다.,Maybe because it's a nightlife district` there are police around.\nThe police gave Accidy a cursory glance as Accidy walked past.
그러곤 한숨을 내쉬며 신세를 한탄했다.,Then` with a sigh` they bemoaned their lot.
우연이 저 사람 앞에서 심하게 긴장한 것 같은데...,Accidy seemed really nervous in front of that person...
윽` 길거리에서 담배 피는 사람들이다.\n담배 냄새 진짜 싫어.,Ugh` There are people smoking on the street.\nI really hate the smell of cigarettes.
우연도 흠칫 놀란 듯 잠시 그 자리에 멈춰 있었다.,Even Accidy flinched and froze in place for a moment.
정확히 담배에 불을 붙일 때 놀랐던 것 같아.,I think I was startled exactly when I lit my cigarette.
클럽 앞 사람들이다.\n저런 사람들을 가드라고 했었나.,Those are the people in front of the club.\nWere people like that called bouncers?
다들 우연보다 덩치가 엄청나게 크다.,They're all massive compared to Accidy.
우연이 조금 떨리는 것 같아.,Accidy seems a little shaky.
우연이 준 건가...?,Did Accidy give this to me...?
다녀올게! 어제 약속한 거 잊지 마.,I'll be back! Don't forget what we promised yesterday.
우연이 나갔다.\n어제 [5번] 정도 물건을 조사하니 우연이 돌아왔다.,
아마 이번에도 비슷하겠지.\n무리하지 말고 [우연의 귀가 전까지만 조사]를 해야겠다.,It’ll probably be the same this time` too.\nI shouldn’t overdo it; I’ll [investigate only until Accidy returns home].
어때? 맛있어?,How is it? Is it good?
우연은 평소처럼 나한테 음식을 먹였다.,Accidy fed me as usual.
주말 동안은 하루 종일 내 옆에서 SNS만 했기에 방 조사를 할 수 없었다.,Over the weekend` they sat by my side all day doing nothing but social media` so I couldn’t search the room.
음...하아 역시 나가기 싫다.,Hmm... Sigh. I really don't want to go out after all.
나가?,Leave?
응?\n아....오늘은 조금 오래 나가있을 것 같아.,Huh?\nAh.... I think I’ll be out a bit longer today.
우연의 표정이 어두워졌다.\n나한테 뭐가 있다고 저렇게 불안해하는 건지도 모르겠다.,Accidy’s expression darkened.\nI don’t know what Accidy thinks I have that’s making them so on edge.
스토커 납치범 주제에 꼭 잃으면 안 될 것처럼 군다.,For a stalker-kidnapper` he sure acts like it’s something he can’t afford to lose.
알 수 없는 게 너무 많고 아직도 혼란스럽다.,There are too many unknowns` and I'm still confused.
내가 너무너무 보고 싶어도 참고 기다리고 있어.,Even though I miss you so` so much` I’m holding back and waiting.
잠깐...잠깐 확인만 하고 오는 거니까.…,Hold on... I'm just going to check something and be right back...
응….,Yeah….
다녀올게!,I'll be back!
대답만 하면 바로 표정이 바뀐다.\n해맑게 웃긴 하지만...\n무서워.,As soon as I answer` their expression changes.\nThey smile brightly` but...\nI'm scared.
철컥\n또 방문을 닫고 나간다.,
우연이 방을 나가자 몰래 베개 안에 넣어둔 열쇠를 꺼냈다.,As soon as Accidy left the room` I took out the key I’d secretly hidden inside the pillow.
며칠 전에 외출하다가 우연이 잃어버렸다고 생각하던 그 열쇠이다.,It’s the key I thought Accidy lost while we were out a few days ago.
아마 이 방문을 열 수 있을 것이다.,I should be able to open this door.
그리고 우연은 오늘 길게 외출하겠다고 했다.,And Accidy said they'd be out for a long time today.
지금이 기회인 걸까?,Is this my chance?
나는...\n이 방을 나가야 할까?,I...\nShould I leave this room?
도망간다.,I run away.
???????????,???????????
내가 할 수 있는 선택은 아무리 생각해도 도망밖에 없다.,No matter how I look at it` the only choice I have is to run.
꿈을 잘 믿는 편은 아니지만 아무래도 느낌이 좋지 않다.,I don’t usually put much stock in dreams` but something feels off.
우연과 이 이상 함께하는 것은 나만 더 위험해질 뿐이야.,Being with Accidy any longer will only put me in greater danger.
밖으로 나왔다.\n주변은 생각보다 평범했다.,I stepped outside.\nThe surroundings were more ordinary than I expected.
심지어 내가 살던 곳과 그리 멀지 않은 곳이야.,It's not even that far from where I used to live.
우연은 안 보이는 것 같다.,Accidy doesn’t seem to be here.
어서 내 집으로 돌아가야지.\n그리고 다신 이런 일을 겪지 않도록 주의해야겠어.,I should hurry back home.\nAnd I need to be careful not to go through something like this ever again.
경찰에 신고하고 또....,Report it to the police` and then....
{PlayerName}!!!!!!!!!,{PlayerName}!!!!!!!!!
횡단 보도를 건널 때였다.\n누군가 나를 부르는 소리와 함께 순식간에 눈에 담긴 풍경이 변했다. ,I was crossing the crosswalk.\nAt the sound of someone calling my name` the scene before my eyes changed in an instant.
무슨 일이 일어난 거지....,What happened....
놀란 인파 사이에서 한 사람이 달려온다.,Someone comes running out from the startled crowd.
흐릿한 시야로 어느새 익숙해진 형체가 들어온다.,Through my blurred vision` a now-familiar figure comes into view.
우연은 내 손을 잡고 뭐라고 하는 것 같았다.,Accidy held my hand and seemed to be saying something.
왜...왜...왜 벌써.......\n뭐가 잘못된거지...?\n아직 시간이....,Why... why... why so soon.......\nWhat went wrong...?\nThere's still time....
이번엔 분명 전부 잘 해냈는데...,I'm sure I did everything right this time` but...
아.\n그래 꿈이야.\n사실일 리가 없어....,Ah.\nRight` it's a dream.\nIt can't be real....
그렇지 않고서야 벌써 이런 일은...,Otherwise` something like this would have already happened...
뭐라고 말하는 건지 모르겠다.,I don’t know what you’re talking about.
난 어떻게 해야 했지?,What was I supposed to do?
몸에 감각이 없다,I can’t feel my body.
의식도 흐려진다.,Even my consciousness is fading.
모르겠다.,I don't know.
[필연] 엔딩,[Fate] Ending
조건 미충족으로 인해 선택 불가.,Selection unavailable: conditions not met.
제발 멈춰봐!!,Please stop!!
정신을 차리면 달리고 있다.\n멈추면 안 될 것 같다.,When I come to` I'm already running.\nIt feels like I mustn't stop.
나는 도망쳐야 한다,I have to get away.
숨이 턱끝까지 찼다.\n하지만 여기서 절대 죽을 순 없다.,I'm gasping for air.\nBut I can't die here.
멈추는 순간 죽을 거라고 본능적으로 느껴진다.,Instinct tells me I'll die the moment I stop.
계속해서 도망쳐야 한다.,I must keep running.
...다리가 멈췄다.,...My legs froze.
결국 이렇게 된다. ,In the end` it comes to this.
그러게 날 떠나지 말라고 했잖아.,See? I told you not to leave me.
왜 이렇게 내 말을 안 듣는거야?,Why won’t you listen to me?
네가 내 말만 들었으면 이렇게 될 일은 없었어!!!,If you had just listened to me` it wouldn't have come to this!!!
과연 그랬을까?\n머리가 울린다.,Was it really like that?\nMy head is ringing.
전부 네 잘못이야.,It's all your fault.
의식이 흐려진다.,I'm losing consciousness.
난 뭘 어떻게 해야 했던 걸까.,What was I supposed to do?
온몸에서 피가 빠져나가는 게 느껴진다.,I can feel the blood draining from my entire body.
내 앞에 있는 형체 또한 내 피를 뒤집어 쓰고 있다.,The figure in front of me is also drenched in my blood.
의식이 점점 흐려진다.,My consciousness is gradually fading.
날 떠나지 말라고 했잖아.,I told you not to leave me.
결국 나는….\n너를…,In the end` I….\nYou…
힘이 빠지고 차가워진다.,My strength drains away` and I grow cold.
소리가 멀어진다.,The sound grows distant.
허억…!,Gasp…!
...어째 요즘 자주 이 꿈을 꾸는 것 같다.,...For some reason` I’ve been having this dream a lot lately.
누군가 날 죽이러 오는 듯한 꿈.\n악몽에서 깨고 나니 온몸이 땀에 젖어 있었다.,A dream of someone coming to kill me.\nWhen I woke from the nightmare` my whole body was drenched in sweat.
단지 꿈이었을 뿐인데 힘이 다 빠지는 기분이다.,It was only a dream` yet I feel completely drained.
그럼! 혹시 이름은 잘 기억하고 있어?,Alright! Do you still remember the name?
내 이름...,My name...
기억을 가다듬으며 이름을 떠올렸다.,Gathering my thoughts` I recalled the name.
내 이름은...,My name is...
{PlayerName}....,{PlayerName}....
휴...다행이다....!,Phew... thank goodness....!
생일...?,Birthday...?
이때였지 분명...,It was then—I'm sure of it...
맞아! 정말 다행이야!,Yeah! What a relief!
그러면서 막 일어난 나에게 포옹을 했다.,Then they hugged me` right after I woke up.
누가 보면 구구절절한 연인 사이처럼 보일 법한 짓이었다.,It was the kind of thing that` to anyone watching` might have passed for a melodramatic scene between lovers.
난...이 사람을 처음 보는데....,I... I’ve never seen this person before....
아! 갑자기 머리가 아프다.,Ah! My head suddenly hurts.
[도망쳐야해...],[I HAVE TO RUN...]
방금...뭔가...,Just now... something...
그러면 생일은?,Then what about your birthday?
괜찮아?,Are you okay?
아마....,Maybe....
잠깐 머리가 깨질 듯 아프더니 금방 괜찮아졌다.,For a moment` my head felt like it would split open` but it soon subsided.
그나저나 분명 도망치라고 한 것 같은데...,Anyway` I could’ve sworn I told you to run...
머리맡에 놓인 곰인형들이다.,Teddy bears placed by the pillow.
딱히 추가되거나 빠진 곰인형은 없다고 보인다.,It looks like no teddy bears have been added or are missing.
흠... 한 마리가 유독 해진 것 같기도 하고....,Hmm... one of them seems unusually worn....
책상 위에 있는 스탠드 조명이다.,A desk lamp sits on the desk.
곰돌이 귀가 달려 있다,It has teddy bear ears.
방이 어두워지니까 괜히 스탠드 하나가 소중하게 느껴지네...,As the room grows darker` somehow even a single lamp feels precious...
책상 상태를 보니....\n더 건들진 말자...,Judging by the state of the desk....\nBetter not touch it any further...
책들이 마구 어지럽혀져 있다.,The books are strewn all over the place.
원래는 책상이 이렇게 더럽지 않았다.,The desk wasn’t this dirty before.
자주 읽거나 중요해 보이는 책은 없는 것 같다.,There don’t seem to be any frequently read or important-looking books.
무언가를 찾기 위해 뒤적거린 것 같기도 하고....\n혹시 떨어뜨린 게 있나?,Looks like someone was rummaging for something....\nMaybe they dropped something?
그리고...책 밑엔 또 뭔가 깔려있나?,And... is there something else tucked under the book?
책상 밑에 떨어진 책이다.,It's a book that fell under the desk.
이 책은 별로 중요해 보이진 않는다.,This book doesn’t seem very important.
또 다른 책은 없나...,"Is there another book...?"""
선반 위 책들이 마구 흐트러져 있다.,The books on the shelf are in complete disarray.
원래는 가지런히 놓여 있었는데...,They used to be neatly arranged...
다이어리는 제대로 꽂혀있는 듯 하다.,The diary appears to be in place.
다이어리는 나름 자주 쓰는 건가?,Do you use your diary pretty often?
선반 위 곰인형들이 흐트러져 있다.,The teddy bears on the shelf are in disarray.
딱히 뭐가 있어 보이진 않는다.,Doesn't look like there's anything in particular.
다른 곳을 둘러볼까...,Maybe I should look somewhere else...
고장난 시계가 깨져 있다.\n전과 달리 깨져 있다는 것  빼고는 특이점이 없다,The broken clock is shattered.\nAside from it being smashed now` nothing unusual stands out.
아` 새벽쯤에 뭔가 던지는 소리가 났는데 그게 시계였나?,Ah` around dawn` I heard something being thrown—was that the clock?
다칠 수도 있으니 굳이 더 조사하진 말자.,We could get hurt` so let’s not bother investigating further.
평범한 포스터들이다.\n하나하나 늘더니 어느덧 이만큼 늘어났다.,They're ordinary posters.\nOne by one` they piled up` and before I knew it` there were this many.
좋아하는 캐릭터들인가?,Are they your favorite characters?
중간 중간 스티커 같은 것들을 붙여둔 것 같기도 하다.,It looks like someone stuck sticker-like things here and there.
원 안에 별...,A star inside a circle...
옷장 위에 상자가 뒤집혀있다.,An upturned box sits atop the wardrobe.
꺼내려 하다가 뒤집힌 건가?,Did it get flipped over while they were trying to pull it out?
어차피 손도 잘 닫지 않고 필요한 정보도 없어 보인다.,It's out of reach anyway` and it doesn't look like there's any useful information.
다른 걸 조사해볼까...,Maybe I should investigate something else...
옷장 밑에 사진이 널부러져 있다.,Photos are strewn beneath the wardrobe.
아까 상자에서 쏟아져서 나온 건가?,Is that what came spilling out of the box earlier?
사진들에 마구 낙서가 되어 있어서 내용을 파악하기 어렵다.,The photos are scribbled all over` making it hard to make out what’s in them.
주변에 조사할 다른 건 더 없을까?,Is there anything else to investigate around here?
우연이 뒤를 돌 때 나를 봤던 기분이다.,It feels like Accidy saw me when they turned around.
이대로 미행이 들키는 건가?,Are we about to get caught tailing them?
지금 미행이 들키면 어떻게 되는 거지?,What happens if they catch me tailing them right now?
나는 다시 돌아가서 그 방에 갇히는 걸까?,If I go back` will I end up trapped in that room again?
다음엔 언제 다시 나올 수 있을지 모르겠는데...,I don't know when I'll be able to come out again...
역시 뒤를 따라가며 기회를 노릴 게 아니었던 건가??,So was tailing them and waiting for an opening not the right move after all??
짧은 시간에 많은 생각들이 혼란스럽게 뇌를 채웠다.,In a brief moment` a jumble of thoughts filled my mind.
그렇게 무작정 달리다 보니 내가 나왔던 우연의 방 문 앞이었다.,Before I knew it` I found myself standing in front of the door to Accidy's room—the one I’d come out of.
지금 내 손에는 손잡이가 잡혀 있다.,Right now` my hand is clutching a handle.
아직 우연에 대해 모르는 게 많은데 방에 돌아가서 한 번 더 대화를 해볼까? 아니면 그냥 떠날까?,I still don’t know much about Accidy. Should I go back to the room and try talking again? Or just leave?
떠난다.,Leaving.
남는다.,It remains.
나는 아직도 우연이라는 애가 어떤 아이인지 잘 모르겠다,I still don't really know what kind of person Accidy is.
하지만 굳이 더 알아가고 싶다는 생각은 들지 않는다.,But I don't feel any urge to dig deeper.
이 방에 남아있고 싶지... \n않아,I don't want to stay in this room... \nI don't.
[방을 떠나자.]\n그게 내가 내린 결론이었다.,[Leave the room.]\nThat was the conclusion I came to.
답답한 생각도 잠시 우선은 달리는 게 우선이라는 생각에 무작정 달려 내려갔다.,For the moment` I pushed aside the suffocating thoughts and` thinking that running came first` I just ran blindly downward.
하아....\n내가 왜 여기에...,Haah....\nWhy am I here...
침대 밑에 병원의 전단지가 늘어져 있다.,Hospital flyers are sticking out from under the bed.
새로 개업한 병원인 것 같다.\n응급실이 엄청 강조되어있다.,Looks like a newly opened hospital.\nThe emergency room is heavily emphasized.
24시간 응급실?\n꽤 대형 병원이 들어왔네...,24-hour ER?\nA pretty big hospital opened up here...
근데 굳이 따로 전단지를 가지고 올 필요가 있나....\n응급실이 중요한 이유라도 있나?,But do I really need to go out of my way to bring a flyer....\nIs there even a reason the emergency room matters?
바다가 그려진 포스터가 마구 찢겨져 있다.\n요즘 우연의 감정 상태가 영 좋지 않다 싶었더니 포스터도 찢었나 보다.,A poster of the ocean has been torn to shreds.\nAccidy hasn't been in a good place lately; it looks like they tore up the poster` too.
이 정도면 버릴 법도 한데....\n소중한 포스터인가?\n하지만 소중하면 굳이 찢을 이유는....,At this point` you might as well throw it away....\nIs it a cherished poster?\nBut if it's precious` why rip it up in the first place....
포스터가 찢긴 부분에는 세 종류의 스티커가 덕지덕지 붙어있다.,The torn part of the poster is plastered with three kinds of stickers.
각각 몇 개인지 기억해두는 것이 좋을 것 같다.,It might be wise to remember how many of each there are.
유독 뜯겨진 것처럼 보이는 곰인형이다. ,A teddy bear that looks unusually torn up.
안에 뭔가 잡히는 기분이 든다.,Feels like there's something I can grab inside.
인형을 다시 꿰맬 수 있는 바늘과 실이 있다면 한번쯤 뜯어봐도 좋을 것 같다.,If I had a needle and thread to sew the doll back up` it might be worth ripping it open once.
어디에 반짇고리 같은 거 없으려나....,I wonder if there's some kind of sewing kit somewhere....
안에 생일 케이크 모양이 그려져 있는 다이어리다.,It's a diary with a drawing of a birthday cake inside.
다이어리는 그래도 꽤 자주 꺼내 쓰는 듯하다.,The diary still seems to be taken out and used quite often.
비밀번호가...,The password...
바닥에 떨어진 책 중 한 권이다.,It's one of the books that fell on the floor.
표지가 특이해 보인다.,The cover looks unusual.
꿈...에 대하여...?,About... dreams...?
인덱스 표기가 되어 있는 걸 보니 이 책은 읽은 것 같다.,Judging by the index tabs` it looks like this book has been read.
한 번 살펴보자,Let's take a look.
꿈과 현실을 구분하는 방법,How to tell dreams from reality
꿈에선 뭐든 할 수 있다. 하지만 현실은 그렇지 않다. ,In dreams` you can do anything. But reality isn’t like that.
그렇다면 꿈에선 어떻게 뭐든 할 수 있을까?,If so` how could you do anything in a dream?
그 질문에 대한 해답은 자각몽에 있다.,The answer to that question lies in a lucid dream.
꿈이 꿈이란 것을 알아챈다면 그 꿈속에선 뭐든 할 수 있다.,If you realize you’re dreaming` you can do anything in that dream.
자각몽을 꾸기 위해선 꿈이 꿈이라는 것을 알아채는 것이 중요하다.,To experience a lucid dream` it’s crucial to realize you’re dreaming.
그것을 단련하기 위해서는 꿈일기를 자주 쓰는 것이 좋다.,To train it` it’s best to keep a dream journal regularly.
꿈일기는 잠에서 깨자마자 작성하는 편이 좋다.,It's best to write your dream journal as soon as you wake up.
자주 하다보면 점차 꿈이 꿈이라는 것을 인지하기 쉬워질 것이다.,As you do it often` it will gradually become easier to realize you’re dreaming.
현실과 꿈을 구별하는 현실 확인(reality check) 방법을 만드는게 좋다.,It’s best to devise a reality-check method to tell dreams from reality.
20XX년 10월 13일 ,October 13` 20XX
또 잡아와서 방에 가두는데 성공했다. ,I caught them again and managed to lock them in the room.
이번엔 절대 전과 같은 실수는 하지 않아.,This time` I absolutely won't make the same mistake.
이번엔 나랑 오래오래 살자♡,This time` let’s live a long` long time together♡
...죽지 말라는 건….,...telling me not to die….
전에 납치한 사람은 정말 죽은 건가?,Is the person I kidnapped before really dead?
별모양 스티커이다.,A star-shaped sticker.
비규칙적으로 붙은 것 같아 보이긴 하는데,It looks like it’s been stuck on irregularly` but...
뭔가 쓰일 곳이 있을지도 모른다.,There might be a use for this somewhere.
모양을 기억해 두는 쪽이 좋겠어...,We’d better keep the shape in mind...
나무 재질 상자에 우주 느낌 페인팅이 되어 있는 반짇고리다.,A sewing kit in a wooden box painted with a space motif.
자세히 보니 위에 별모양 패턴이 들어간 구슬이 있다.,On closer inspection` there’s a marble with a star-shaped pattern on its surface.
굴리면 굴러갈 것 같은데....,Feels like it would roll away if I tried rolling it....
반짇고리가 열렸다.,The sewing box opened.
안에서 실과 바늘이 나왔다.,Inside were a needle and some thread.
이거라면 곰인형을 뜯어도 수선할 수 있을 것 같다.,With this` I should be able to repair the teddy bear even if I tear it open.
틴 케이스다.,It's a tin case.
위엔 스티커들이 붙어 있다,There are stickers on top.
열 수 있는 단서가 있었나?,Was there any clue we could use to open it?
11월 2일에 떠나는 기차표가 들어있다.,A train ticket departing on November 2 is inside.
기차표엔 포스터에 붙어 있던 바다 이미지가 들어가 있다.,The train ticket features the sea image from the poster.
저 바다로 향하는 기차표인듯하다.,It looks like a train ticket bound for the sea.
근데 왜 굳이 두 장씩이나?,But why insist on two each?
같이 가는 사람이 있는 건가?,Are you going with someone?
쇼핑백들이다.\n내가 좋아하는 옷들이 가득 담겨 있다.,Shopping bags.\nThey're packed with clothes I like.
전에 나갔을 때 사온 건가?,Did I buy this when I went out earlier?
내 취향은 진짜 잘 알고 있단 말이지...,You really do know my taste...
우연이가 어떤 아이인지 아직 잘 모르겠다.,I still don’t really know what kind of kid Accidy is.
하지만...아직 잘 모르겠는만큼 더 알아가는 것이 좋을 것 같다는 생각을 했다.,But... since I'm still not sure` I figured it would be best to keep digging.
왠진 모르지겠지만.... 더 알아갈 수 있을 것 같은 기분이 든다...,I don't know why` but... I feel like there's more to uncover...
우연이라는 아이는 잘 모르지만 뭔가 나를 위협하지 않을 것 같다는 희미한 믿음이 마음 어딘가에서 생기고 있다.\n우선 우연을 기다려보자,I don't really know the kid named Accidy` but somewhere inside me a faint belief is taking shape that they won't try to harm me.\nFor now` let's wait for Accidy.
나를 좋아하는 것 같기도 하니까...,Since it seems like you might like me...
철컥-,Click-
돌아왔-,You're back-
뭐야?\n왜 남아있지?\n분명 아까 잠깐 나를 따라온 것 같았는데?,What?\nWhy is it still here?\nI could've sworn it was following me a moment ago?
우연이 급하게 돌아와서 날 보자마자 굳었다.,Accidy rushed back and froze the moment they saw me.
그러고는 중얼거리기 시작했다.,Then he began to mutter.
어?\n그게 아니라 너랑 대화하고 싶었어서,Huh?\nNo` it's not that—I wanted to talk to you.
아닌데이런적은없었는데나갔다면나와함께들어오거나아니면날피해서도망가야하는데왜여기에있는거지?또꿈인건가?응지금까지이렇게남아있어준적없었으니까분명꿈이겠지현실...현실확인이...필요해방법이뭐였지?아...,
우연이 내 말을 듣지도 않고 혼잣말을 하기 시작했다....,Accidy didn’t even listen to me and started muttering to themself....
손톱을 너무 과하게 물어뜯는 것 같은데...\n말려야 하는 거 아닌가...?,They’re biting their nails way too much...\nShouldn’t I stop them...?
저...저기...우연...?,Um... excuse me... Accidy...?
아아-{PlayerName}♡내이름을불러주는거야?아다정하기도해라♡응응나도사랑해이런모습얼마만이지?이제기억도흐릿하네다정하게이름을불러주던{PlayerName}이라니너무행복해♡근데현실확인과정은없어도되겠어확실해졌거든요즘의{PlayerName}은날다정하게불러주지않으니까예전엔다정하게불러줬던것같은데꿈에서는다정하게부르게할수있으니까좋단말이지-,
영원히꿈에서깨고싶지않아최근의{PlayerName}은(는)나에게다정한모습보여주지않으니까물론너도그럴만한이유가있는걸알고있지만그래도사랑하니까나도어쩔수없었어사랑하는사람이죽어가는건이제그만보고싶단말이야너가날이해해준다면좋을텐데사실대로전부말하려고하면입이닫힌단말이야꿈에서도마찬가지고{PlayerName}도분명이런상황이었으면나랑똑같이했을거야차라리내가죽는다면좋을텐데난태어나면안됐으니까난죽어야했으니까,
이꿈에서깨고나면{PlayerName}이날따라서외출하는날인걸까?나오지말라고해도따라나오겠지?왜이렇게내말을못믿어주는지모르겠네예전엔분명잘들어줬던것같은데집에서못나오게막아두기라도하고싶은데그치만외출을못하게막아버리면또혼자죽어버리고마니까외출은하게해줘야하고왜이렇게쉽게죽어버리는거야?차라리네가날죽여줬으면좋겠어그러면이런일들도모두끝나지않을까나는그냥너와행복하고싶을뿐인데,
무슨 말을 하고 있는 건지 이해가 가지 않는다\n우연은 빠르게 말하며 점점 더 나에게 다가온다.,I can't make sense of what they're saying.\nAccidy is speaking fast` coming closer and closer to me.
우연을 피해 뒷걸음질치다 보니 어느새 방에서 나와 빌라의 복도였다.,As I backpedaled to avoid Accidy` before I knew it I had stepped out of the room and into the villa’s hallway.
더 가까이 오면 이 뒤에는 난간인데,If you come any closer` there’s a railing right behind me...
뭔진 모르겠는데 조금만 진정을 하면 안 될까...?,I don't know what's going on` but could we calm down a little...?
응{PlayerName}난여기있어항상너의곁에있을거야우린꼭행복한미래를얻을수있을거야\n내가그렇게만들거니까내말만잘들어줘꿈에서일어나면우선{PlayerName}에게나오지말아달라고말하고\n그렇게말해도따라오겠지?너무위험한짓을많이하면빨리널데리고집으로돌아와야되겠지,
무슨 말을 하는 거야...\n더 이상 가까이 오면 내가 위험해,What are you talking about...\nIf you come any closer` I'll be in danger.
근데그렇게널데리러가다가너가또죽어버릴수도있으니까조심해야하고그렇게방으로함께돌아오면일주일은외출을하지않을거야다행히그때는딱히외출할일이없는것같으니까하지만그이후는역시흐릿하단말이야기억하기가어려워왜인걸까점점꿈에서할수있는반경이늘어나는만큼현실과꿈은모호해져만가고있어서그런걸까?기억의휘발이빨라져,
꿈과현실이모호해진단말이야점점현실과꿈이가까워지고있어지금도봐봐이곳은우리집이랑너무똑같은모습을하고있잖아전부꿈일게뻔한데왜자꾸나는이곳을벗어나지못하는걸까?이곳을벗어나서꿈꾸기를포기해버리면현실엔날이상하게생각하는{PlayerName}만있겠지나도좋아하는사람한테미움만받는건지쳐사랑받고싶어사랑해사랑해사랑해사랑해사랑해사랑해사랑해미워하지말아줘,
우...우연...!,Ac... Accidy...!
미워하지 않아!,I don't hate you!
응?나불렀어?나랑더오래같이있고싶다는걸까?\n아진짜너무귀엽고사랑스러워♡\덕분에행복해졌어,
그치만이젠꿈에서깨야겠지?곧현실세계에있는{PlayerName}이(가)외출을할시간이거든꿈에서의너도중요하지만나에겐현실속의너도너무소중해이렇게라도또봐서좋네에다음엔좀더다정한말들이듣고싶어예전에해줬던것만같은말들말이야오늘도일어나서꿈일기를적어야지다음번엔더많은걸할수있게될지몰라널가둔걸후회는안하고있지만그래도역시그리운건어쩔수없나봐하지만아무것도안하고싶진않았어나는널세상에서가장사랑해,
꼭 이것만은 믿어줘\n그리고 기억해줘\n꿈에서 깨더라도,No matter what` believe this.\nAnd remember it.\nEven if you wake from the dream.
아아-그렇게말해주는구나\n기뻐\n이래서는꿈에서깨고싶지않아진단말이야\n영원히이곳에머무르고싶어져,
아 우연은 지금 꿈과 현실을 구별하지 못하는 것 같아 보인다.,Ah` Accidy seems unable to tell dreams from reality right now.
난간에 겨우 걸쳐져 있던 몸이 떨어진다.,The body` barely draped over the railing` falls.
우연은 위에서 날 바라보고 있다.,Accidy is looking down at me.
지금 넌 어떤 표정을 하고 있지?,What expression are you making right now?
쿵,Thud.
시야가 흐려져서 너의 얼굴을 볼 수 없다.,My vision is blurring. I can't see your face.
몸이 무겁다.,My body feels heavy.
몸이 차가워진다.,My body is growing cold.
눈이 감긴다.,My eyes are closing.
[필연의 반복] 엔딩,[Fate's Loop] Ending
우연이 뒤를 돌아봤다. ,Accidy looked back.
그 모습에 놀라서 빠르게 걸어서 되돌아왔다.,Startled by the sight` I hurried back.
순간이지만 나를 본 것 같았다.\n분명 눈이 마주쳤던 것으로 기억한다.,It was only for a moment` but I think it saw me.\nI clearly remember our eyes meeting.
전처럼 우연에게 잡힐까 봐 많이 걱정하며 달렸다.,I ran` deeply worried that Accidy would catch me again.
유흥가라 그런지 새벽인데도 사람이 많아서 우연에게 잡히지 않았다.,Maybe because it’s a nightlife district` even though it was dawn there were still lots of people` so I didn’t get caught by Accidy.
우연을 피해 달렸더니 어느새 내가 갇혀있던 방문 앞이었다.,I ran to get away from Accidy` and before I knew it` I was back at the door I’d been locked behind.
주변을 보니 조금씩 밝아지기 시작했다.,As I looked around` it started to brighten little by little.
곧 있으면 아침인가 봐.,I guess it’ll be morning soon.
지금 내 손에는 손잡이가 잡혀 있다.,Right now` I'm holding a handle.
우연에 대해 조금은 알기 시작했다.\n우연은 우연 나름대로의 목표가 있는 것 같다.,I’ve started to learn a little about Accidy.\nAccidy seems to have a goal of their own.
좀 더 명확히 물어본다면 알 수 있을까?,Would I be able to find out if I asked more clearly?
아니면 지금이 우연에게서 벗어날 유일한 기회인 걸까?,Or is now my only chance to escape Accidy?
나는 어떡하지?,What should I do?
나는 우연에게 궁금한 점이 아직 좀 더 남아있다.,I still have a few more questions for Accidy.
하지만 굳이 더 알아가고 싶다는 생각은 들지 않는다.,But I don't feel compelled to dig any deeper.
또한 이 방에 남아있고 싶지 않아...,I don’t want to stay in this room either...
않아,No.
[방을 떠나자.]\n그게 내가 내린 결론이었다.,[Let's leave the room.]\nThat was the conclusion I came to.
우연이 집에 돌아오는 건지 복도 끝에서 우연의 모습이 보인다.,It looks like Accidy is coming home; I can see them at the end of the hallway.
우연이 점차 다가왔다.,Accidy gradually drew closer.
{PlayerName}....?,{PlayerName}....?
{PlayerName} 어디 가려는 거야?,{PlayerName}` where do you think you’re going?
이미 떠나기로 결정했기에 다가오는 우연을 피해 달렸다.,Because I had already decided to leave` I ran to avoid the approaching Accidy.
우연과 이 이상 함께하는 것은 나만 위험해질 뿐이다.,Staying with Accidy any longer will only put me in danger.
우연을 피해 달렸다. ,I ran away from Accidy.
어서 내 집으로 돌아가자.\n그리고 우연의 시선이 닫지 않는 곳에 가서 살아야겠어.,Let's hurry back to my house.\nAnd then I should go live somewhere Accidy's gaze can't reach.
언제 다시 우연이 찾아올지 모르니까....,Because we don't know when Accidy will show up again....
우연은 뒤를 따라오는 것 같다.\n비상계단 위에서 발소리가 들린다.,Accidy seems to be following behind.\nFootsteps can be heard on the emergency stairs above.
더 빨리 달려야 해.,I need to run faster.
한 동안 운동을 못했더니 숨이 더 쉽게 차는 것 같았다.\n돌아가면 운동이나 건강도 좀 살펴야 할 것 같다.,After not being able to exercise for a while` I felt like I was getting out of breath more easily.\nWhen I get back` I should probably pay more attention to exercise and my health.
{PlayerName}!!!!!!!!!,{PlayerName}!!!!!!!!!
생각에 잠겨 횡단보도를 건너던 그때 뒤에서 날 크게 부르는 소리를 들었다.,Lost in thought crossing the crosswalk` I heard a loud voice call out to me from behind.
그 소리에 잠시 멈칫해서 뒤를 돌아봤다.,At that sound` I paused for a moment and looked back.
뒤를 돌아봄과 동시에 날 이끄는 강한 힘에 몸이 뒤로 당겨졌다.,The instant I looked back` a powerful force yanked me backward.
!!!!!!!!,!!!!!!!!
그 순간 내 앞으로 커다란 트럭이 지나갔다.,At that moment` a huge truck passed right in front of me.
조금만 더 내가 나갔다면...\n그리고 우연이 날 당기지 않았다면 죽었을 수도 있을 거리였다..,If I had gone out just a little farther...\nAnd if Accidy hadn't pulled me back` I might have died—it was that close..
놀란 인파 사이에서 다리에 힘이 풀려 주저앉았다.,Amid the startled crowd` my legs gave out and I collapsed.
너무 놀랐는지 시야가 하얘졌다.\n사람들이 주변에서 괜찮냐고 물어오는 소리가 들렸다.,I was so startled my vision went white.\nI could hear people around me asking if I was okay.
신호등에 문제가 있었다는 얘기가 들려온다.,Word is there’s been a problem with the traffic light.
쿵쿵 뛰는 심장을 겨우 안정시키니 시야에 우연이 들어온다.,I barely manage to calm my pounding heart` and Accidy comes into view.
우연이 놀란 표정으로 날 바라본다. ,Accidy looks at me with a startled expression.
이게...무슨 일이지...?\n설마...시간...시간은....,What... what's happening...?\nNo way... time... time is....
...이럴 순 없는데....\n그렇지 않고서야 지금까지 이런 일은....,
뭐라고 말하는 건지 잘 모르겠다.\n우연은 믿기지 않는다는 표정으로 더듬더듬 말을 하고 있었다.,I can't make out what they're saying.\nAccidy is stammering` disbelief written across their face.
떨어진 우연의 핸드폰에는 최근 생긴 병원의 응급실 번호가 찍혀 있었다.,On Accidy's dropped phone` the emergency room number for a recently opened hospital was in the call log.
살아있는 거지? 응?,You're alive` right? Huh?
...이거면 충분해`응.\n만족해야지...만족해야지...만족해야지...\n이거로 만족할래.,...This should be enough`Yeah.\nI should be satisfied... I should be satisfied... I should be satisfied...\nI'll settle for this.
무슨 소리야...?,What's that sound...?
우연은 알 수 없는 혼잣말을 시작한다.,Accidy begins muttering to himself` incoherently.
그러다 한 번 나를 보고 강하게 끌어안았다.,Then` at one point` they looked at me and pulled me into a tight embrace.
귓가에서 말 한 마디를 남기고는 떨어진다.\n후에 한 번 더 내 얼굴을 살폈다.,They whispered a single word in my ear` then drew back.\nAfterward` they studied my face once more.
그리고 말 없이 나를 두고 일어났다.,And without a word` they stood up and left me behind.
혼란스러운 인파 사이로 우연이 사라진다.,Accidy vanishes into the chaotic crowd.
그 이후로 가끔 그 애가 생각나지만 굳이 찾아보진 않았다. ,Since then` I sometimes think of that person` but I haven’t bothered to look them up.
그 애가 날 왜 감금했는지도 알지 못한다.,I don’t even know why they locked me up.
하지만 가끔씩 시선이 느껴지는 것 같은 기분을 느끼기도 한다. ,But sometimes I feel as though I’m being watched.
마지막에 남긴 말의 의미는 아직도 잘 모르겠다.,I still don’t really understand what those last words meant.
"""행복해져""라니","""Be happy`"" you say?"
[우연의 일치] 엔딩,[Coincidence] Ending
지금이라면 반짇고리가 있어서 제대로 곰인형을 뜯어볼 수 있다.,Now that I have a sewing kit` I can properly open up the teddy bear.
곰인형의 심장에 붙은 천을 뜯었다.,I ripped off the cloth attached to the teddy bear’s heart.
안에선 영양제 같은 것이 나왔다.,Inside was something that looked like a supplement.
내용을 살펴봤지만 단순한 기력 보충제다.,I checked the contents` but it’s just a plain stamina booster.
먹어볼까?,Should I take a bite?
예,Yes.
아니오,No
기력보충제를 먹었다.,I took an energy supplement.
체력이 좋아진 기분이야.,I feel like my stamina’s improved.
우연이 뭘 뒀을 줄 알고....,As if Accidy would have left anything....
그냥 먹지 말자.,Let's just not eat it.
감기약이 놓여있던 곳이다.\n약이 처방약으로 바뀌어 있다.,This is where the cold medicine had been.\nIt’s been replaced with prescription medicine.
옆에 놓여진 처방전 같은 것을 보니 정신과 관련된 약이라고 쓰여 있다.,The prescription-like slip lying beside it says it's psychiatric medication.
역시 요즘 계속 이상해 보이던 게 기분 탓은 아니었나 보군....,So I wasn’t just imagining how strange things have been lately....
약이 제대로 안주는 것을 보아 약을 먹는 것조차 까먹는 것 같다.,Judging by how the meds aren’t going down` it seems they’re even forgetting to take them.
제대로 안 먹으면 위험할 텐데.....,It could be dangerous if you don't eat properly.....
...[기다리자.],...[Let's wait.]
지금 우연은 정신 상태가 안 좋아 보인다.,Accidy's mental state doesn't look good right now.
혼자 두고 갔다가 무슨 일이 날지 모른다.,Who knows what could happen if we leave them alone.
날 납치한 납치범을 걱정한다니...,I can’t believe I’m worrying about my kidnapper...
웃겨서 헛웃음이 다 나오네.,It's so absurd I can't help but let out a hollow laugh.
그래도 뭔가 직감이 괜찮다고 말하고 있었다.\n우연은 날 해치지 않을 것 같았다.,Even so` my gut kept telling me it would be okay.\nAccidy didn't seem like they would hurt me.
또한 우연에 대해 계속 알아본 결과 내가 알지 못하는 무언가가 더 있을 것이라는 느낌이 들었다.,Also` as I kept looking into Accidy` I had the feeling there might be something more I didn’t know.
분명 우연과 천천히 대화를 해보면 그 비워진 공백을 메울 수 있지 않을까?,Surely` if I take it slow and talk with Accidy` we could fill that void` couldn’t we?
거기다 왠지 모르지만....\n우연은 날 좋아하는 것 같고...,And on top of that` for some reason....\nIt seems Accidy likes me...
철컥-,Clack-
돌아왔-,I'm back-
뭐야?\n왜 남아있지?\n분명 아까 잠깐 나를 따라온 것 같았는데?,What?\nWhy is it still here?\nI could've sworn it followed me for a moment earlier.
우연이 급하게 돌아와서 날 보자마자 굳었다.,Accidy came rushing back and froze the moment they saw me.
그러고는 중얼거리기 시작했다.,Then they started muttering.
어?\n그게 아니라 너랑 대화를 하고 싶었어서,Huh?\nNo` it’s not that. I just wanted to talk to you.
아닌데이런적은없었는데나갔다면나와함께들어오거나아니면날피해서도망가야하는데왜여기에있는거지?또꿈인건가?응지금까지이렇게남아있어준적없었으니까분명꿈이겠지현실확인이필요해현실확인을해야해...어...방법이뭐였지...?아...,
우연이 내 말은 듣지도 않고 혼잣말을 하기 시작했다.,Accidy didn’t even listen to me and started muttering to themself.
손톱을 너무 과하게 물어뜯는 것 같은데...\n말려야 하는 거 아닌가...?,They're biting their nails way too hard...\nShouldn't I stop them...?
저...저기...우연...?,Um... excuse me... Accidy...?
아아-{PlayerName}♡내이름을불러주는거야?아다정하기도해라♡응응나도사랑해이런모습얼마만이지?이제기억도흐릿하네다정하게이름을불러주던{PlayerName}이라니너무행복해♡근데현실확인과정은없어도되겠어확실해졌거든요즘의{PlayerName}은날다정하게불러주지않으니까예전엔다정하게불러줬던것같은데꿈에서는다정하게부르게할수있으니까좋단말이지-,
영원히꿈에서깨고싶지않아최근의{PlayerName}은(는)나에게다정한모습보여주지않으니까물론너도그럴만한이유가있는걸알고있지만그래도사랑하니까나도어쩔수없었어사랑하는사람이죽어가는건이제그만보고싶단말이야너가날이해해준다면좋을텐데사실대로전부말하려고하면입이닫힌단말이야꿈에서도마찬가지고{PlayerName}도분명이런상황이었으면나랑똑같이했을거야차라리내가죽는다면좋을텐데\n난태어나면안됐으니까난죽어야했으니까,
이꿈에서깨고나면{PlayerName}은(는)또죽어버리는거려나?슬슬끝이다가오고있으니까.으음그렇게되면또바다에가야겠네.나라고기억이남아있는게안무서운건아닌데말이지차라리네가날죽여줬으면좋겠어그러면이런일들도모두끝나지않을까나는그냥너와행복하고싶을뿐인데,
무슨 말을 하고 있는건지 이해가 가지 않는다\n우연은 빠르게 말하며 점점 더 나에게 다가온다.,I can't make sense of what they're saying.\nAccidy speaks quickly` coming closer and closer to me.
우연을 피해 뒷걸음질치다 보니 어느새 방에서 나와 빌라의 복도였다.,As I kept backing away from Accidy` before I knew it I had slipped out of the room and into the villa’s hallway.
더 가까이 오면 이 뒤에는 난간인데,If you come any closer` there’s a railing right behind me...
뭔진 모르겠는데 조금만 진정을 하면 안될까...?,"I don’t know what’s going on` but can we just calm down a little...?"""
응{PlayerName}난여기있어항상너의곁에있을거야우린꼭행복한미래를얻을수있을거야내가그렇게만들거거야얼마의시간이걸리든난꼭해낼거니까.하아다시모든게처음으로돌아간다면나는또뭐부터시작해야하려나.우선학교를그만두고알바부터해야겠지?학교를그만두는건아쉽지만그래야지네가편하게머물수있을테니까.그리고또너무힘들때면우리의흔적을찾아돌아다닐거야.,
무슨 말을 하는 거야...\n더 이상은...내가 위험해,What are you talking about...\nNo more... I'm in danger
슬슬꿈과현실이모호해져점점현실과꿈이가까워지고있어지금도봐봐이곳은우리집이랑너무똑같은모습을하고있잖아전부꿈일게뻔한데왜자꾸나는이곳을벗어나지못하는걸까?이곳을벗어나서꿈꾸기를포기해버리면현실엔날이상하게생각하는{PlayerName}만있겠지나도좋아하는사람한테미움만받는건지쳐사랑받고싶어사랑해사랑해사랑해사랑해사랑해사랑해사랑해미워하지말아줘,
꿈이 아니야.,It’s not a dream.
정신 차려!,Pull yourself together!
정신 차려!\n여긴 꿈이 아니야.,Snap out of it!\nThis isn't a dream.
뭐?,What?
여긴 꿈이 아니라고.\n네 앞에 있는 나를 봐.,This isn't a dream.\nLook at me standing right in front of you.
어... 그러니까....,Um... I mean....
날 떠나지 않은 거야?\n정말로?\n어째서?,You didn’t leave me?\nReally?\nWhy?
내가 떠나길 바랐던 거야?,Did you want me to leave?
우연을 붙잡고 말했다.,I grabbed Accidy and said.
그렇진 않아....\n하지만...이랬던 적은 여태 한번도...,That's not it....\nBut... this has never happened before... not once...
우연의 눈에 빛이 들더니 이내 눈물이 차기 시작했다.,Accidy’s eyes lit up` and soon tears began to well up.
우연은 내 손을 잡고 한동안 가만히 있었다.\n우연을 이끌어 다시 방 안으로 들어갔다.,Accidy took my hand and stayed still for a while.\nI led Accidy back into the room.
난 아직 너를 잘 모르겠어.,I still don’t know you very well.
우는 우연을 앉혀 두고 천천히 말을 걸었다.,They sat the crying Accidy down and slowly spoke to them.
하지만 우리에게 시간은 많아.\n그러니 천천히 얘기해보자.,But we have plenty of time.\nSo let's take it slow and talk.
너의 이야기를 들려주지 않을래?,Would you tell me your story?
지금은 안돼...\n...\n...,Not now...\n...\n...
...다,...
뭐?,What?
바다에 갈래...?\n가서... 가서 말해줄게....,Do you want to go to the beach...?\nWhen we get there... when we get there` I'll tell you....
지금 당장?,Right now?
응.... 이 곳과 가까우니까 괜찮을 거야.\n티켓도 이미 있어.,Yeah... Since it's close by` it should be fine.\nI've already got a ticket` too.
우연은 눈물을 닦고 수납장 안에서 틴케이스를 가지고 왔다.,Accidy wiped away their tears and retrieved a tin case from the cabinet.
틴케이스를 여니 나온 것은 한 장의 티켓이었다.,When I opened the tin case` out came a single ticket.
이미 우연과 대화하기로 했으니 이 정도 억지는 들어줘도 괜찮지 않을까?\n딱히 다른 방법도 없고...,Since I've already decided to talk to Accidy` couldn't you let me get away with this much?\nThere isn't really any other way...
알겠어.,Got it.
그렇게 말해줘서 고마워....,Thanks for saying it like that....
우연은 손으로 내 옷을 꼭 잡고 말했다.,Accidy grabbed my clothes tightly and said.
당장이라도 내가 도망갈 것 같아 두려워 보였다.,They looked afraid I might run away at any moment.
우연은 내 대답을 듣고는 짐도 챙기지 않고는 내 손만 끌고 바다로 향했다.,After hearing my answer` Accidy didn’t even pack a bag—just grabbed my hand and headed straight for the sea.
역에서 바다는 가까웠기에 금방 도착했다.\n시간은 6시 30분을 막 넘긴 시간이었다.,The sea was close to the station` so I arrived in no time.\nIt was just past 6:30.
우연이 해변에 앉길래 나도 그 옆에 앉았다.,Accidy sat down on the beach` so I sat down beside them.
네가 살아서 기뻐...\n나는...나는 오랫동안 너를 살리고 싶었어.,I'm glad you're alive...\nI... I’ve wanted to save you for so long.
그게 무슨 소리야?,What do you mean by that?
너는 기억 못하겠지만 아주 먼 옛날 너는 나를 살려준 적이 있어.\n나 엄마랑 아빠한테 학대를 받고 자랐거든.,You don’t remember` but a very long time ago you saved my life.\nI grew up being abused by my mom and dad.
엄마랑 아빠는 사이비였는데 난 그 종교의 저주받은 날에 태어나서....,Mom and Dad were in a cult` and I was born on that cult’s cursed day....
그래서 늘 나한테 태어나면 안 됐던 아이라고 했어.,So they always told me I was a child who should never have been born.
그때 네가 날 도와줬어.\n기억...못하겠지...?,You helped me back then.\nYou... don't remember... do you?
...그런 기억은 없어.,...I have no memory of that.
그럴 거야.\n그건 처음의 기억이니까....,That must be it.\nBecause it's the first memory....
[날 만나서 나에게 삶의 의미를 알려준 너는 이미 죽었으니까.],[Because you` who met me and taught me the meaning of life` are already dead.]
그 이후의 이야기들은 솔직히 정상적인 말이 아니었다.,The stories that followed` to be honest` weren’t sane.
나는 늘 11월 2일 오전 6시 30분을 넘기기 전에 필연적으로 죽는다고 했다.,I've always said I would inevitably die before 6:30 a.m. on November 2.
이 바다는 첫 번째의 나와 함께 오기로 약속한 곳이라고 한다.,They say this sea is where I promised to come with my first self.
첫 번째의 내가 죽고 이 곳에서 우연도 함께 삶을 끝내고자 했다.,After the first me died` I wanted to end my life here together with Accidy` too.
그리고 우연의 일치인지 우연은 눈을 떠보니 시간은 우리의 첫 만남 일주일 전으로 옮겨져 있었다.,And` by some coincidence` Accidy awoke to find that time had shifted back to a week before our first meeting.
우연의 말에 따르면 자신의 회귀 사실을 발설하려 하면 입이 막혀 아무 말도 할 수 없었다고 한다.,According to Accidy` whenever they tried to reveal that they’d regressed` their mouth would seal shut and they couldn’t say a word.
지금은 처음 맞는 시간이기 때문인지 가능한 것 같아 보이지만...,Right now it seems like it might be possible` maybe because the timing has lined up for the first time` but...
솔직히 나도 못 믿을 것 같았다.\n하지만 우연을 만나고 나서 꾸게 된 기묘한 꿈들 때문인지 아주 조금 이해할 수 있게 되었다.,Honestly` I don't think I could have believed it either.\nBut after meeting Accidy` perhaps because of the eerie dreams I started having` I began to understand` just a little.
꿈이라 생각했던 것들은 꿈이 아니었다는 것처럼 조금씩 선명해졌다.,What I had thought were dreams came into focus little by little` as if they hadn’t been dreams at all.
아직 나는 우연과 나눌 알지 못하는 기억들이 많다.,I still have many memories I don’t yet know how to share with Accidy.
천천히 조금씩 이야기를 나눠보자.,Let's take it slow and talk` little by little.
지금의 우리에겐 시간이 많으니까.,Right now` we have plenty of time.
[필연 속 우연] 엔딩,[Accidy within Fate] Ending
{PlayerName}! 오늘도 별 일 없이 잘 지내고 있었어?,{PlayerName}! Were you doing okay today too—no incidents?
흠... 어째 집이 조금 어수선해졌나 싶기도 하고....,Hmm... somehow` it feels like the house has gotten a bit messy....
들켰나...?,Did I get caught...?
뭐! 기분 탓인가?,What! Is it just my imagination?
기분 탓이야.,It's just your imagination.
아침이랑 똑같은데?,It's the same as this morning?
그치?!\n음....{PlayerName}이(가) 그렇다면 그런거겠지?,Right?!\nHmm.... if {PlayerName} says so` then I guess that's how it is?
설마 방을 몰래 뒤져보기라도 하겠어?,You wouldn’t secretly rummage through the room` would you?
기본 예의가 아니잖아 그런거~,Doing that isn't common courtesy~
...보통 납치범이 할 만한 말은 아닌 것 같은데...,...That doesn't sound like something a typical kidnapper would say...
어어...그치...,Uh... yeah...
괜히 찔려서 눈을 피했다. ,For no reason` I felt a pang of guilt and averted my eyes.
진짜... 오늘도 외출했는데 길거리에 어른들이 잔뜩이어서 너무 힘들었던 거 있지?,Seriously... I went out again today` and there were so many adults on the street that it was really exhausting` you know?
특히 사이비 사람들이 말 걸어오는 건 최악이야....,Especially when cultists try to talk to you` it's the worst....
뭐라고 대답하고 싶은데 결국 아무 말도 못하고 또 길거리에서 숨쉬는 법도 잊을 뻔했던 거 있지?,I wanted to answer` but in the end I couldn’t say a word` and I almost forgot how to breathe out on the street again` you know?
거기다 어른이 조금만 큰소리로 말하면....\n꼭 내가 태어난 게 잘못된 것 같이 느껴져....,And on top of that` if an adult even raises their voice a little....\nIt feels like my being born was a mistake....
역시 인간 실격 같은 거려나~\n...\n농담이야.,Guess it’s “No Longer Human`” after all~\n...\nJust kidding.
태어나지 않았다면 좋았을 텐데....,I wish I had never been born....
실격이고 합격이고 그런게 어딨어.,There's no such thing as pass or fail.
괜찮아?,Are you okay?
아아-♡ 역시 {PlayerName}은(는) 그렇게 말해줄 줄 알았어!,Ahh-♡ I knew {PlayerName} would say that!
...내가 무슨 말을 했다고.,...What are you saying I said?
그래도 날 위해서 해준 말이잖아?,Still` you said it for my sake` didn’t you?
이런 사람은 잘 없단 말이야.\n특히 내 주변엔.,There aren’t many people like this.\nEspecially around me.
역시 데려오는 걸 포기하지 않은 건 정말 잘한 것 같아!,Not giving up on bringing you here was really the right call after all!
있잖아.\n떠나면 안 돼.\n알았지?,Listen.\nYou can't leave.\nGot it?
난 정말 네가 없으면 죽는 것 밖에 방법이 없으니까.,Because without you` I really have no choice but to die.
알았지?,Got it?
우연이 내 옷 소매를 쥐고 말한다.,Accidy clutches my sleeve and says.
...이러니까 주변에 사람이 없었지.,...No wonder there was no one around me.
{PlayerName}! {PlayerName}! ,{PlayerName}! {PlayerName}!
이거 봐 {PlayerName}! 내가 오늘 사온 열쇠고리!,Look at this` {PlayerName}! The keychain I bought today!
곰도리 모양이다?\n귀엽지?,Is it shaped like a teddy bear?\nCute` right?
좋아해?,Do you like me?
비슷한 거 많지 않아?,Aren’t there a lot of similar ones?
미묘하게 다르다고!!\n센스 없어.,I'm telling you it's slightly different!!\nYou've got no sense.
다...당연히 좋아하지!\n{PlayerName}!을 세상에서 가장 좋아하는 건 나일걸?!,
아니 나 말고.\n그 곰....,No` not me.\nThe bear....
아...,Ah...
응! 좋아해.,Yeah! I like it.
좋아하는 이유라도 있어?,Do you even have a reason for liking it?
으음...이유라고 하기엔 좀 부끄러운데...\n특별히 {PlayerName}에게만 말해줄게!,Hmm... It's a bit embarrassing to even call it a reason...\nI'll tell you` and only you` {PlayerName}!
그...게! 좋아하는 사람이랑 처음 주고 받은 커플 아이템이거든♡,Th-that's! It's the first couple's item I ever exchanged with the person I like♡
뭐` 다 과거지만.,Well` it's all in the past` though.
잠깐 우연의 얼굴이 슬퍼 보였다.,For a moment` Accidy’s face looked sad.
...이런 거 신경 써봤자 뭐 해.,...What's the point of worrying about something like this?
어차피 납치범일 뿐이야.,Either way` he’s just a kidnapper.
현혹되지 말자.,Don't be deceived.
벌써 귀가시간인가?,Is it already time to go home?
우연과 함께 지낸 지 어느 덧 4일째다.,It's already day four of living with Accidy.
슬슬 긴장이 풀리는 건지 이젠 잠도 잘 오는 것 같다.,Maybe the tension is finally easing; sleep comes more easily now.
졸려....,I'm sleepy....
{PlayerName}!! 나 왔어...! 나 어째 열쇠랑 키링을 잃어버린 것...,{PlayerName}!! I'm here...! Did I somehow lose my keys and keyring...?
뭐야...벌써 자?,What... going to sleep already?
할 수 없지....\n잘 자...,It can't be helped....\nSleep well...
나 역시 태어나면 안 됐던 걸까?,Was I never meant to be born` either?
그게 무슨 소리야.,What do you mean?
네가 있어서 지금 이렇게 나랑 잘 지내고 있잖아.,Because you're here` we're doing just fine together right now.
그치만....\n집에서 어른들이 다 난 태어나면 안 됐다고 그랬어....,But....\nAll the grown-ups at home said I shouldn't have been born....
그런 생각 하지 마.\n그 어른들 다 이상한 사람들이니까.,Don't think like that.\nAll those adults are weird.
응....,Yeah....
그 사람들은 잊고 우리 꼭 오래오래 행복하자` 알았지?\n여기 곰인형도 지켜준대,Let's forget those people and be happy together for a long` long time` okay?\nThis teddy bear here will protect us too.
꿈에 우연과... 다른 누군가가 나왔다.\n며칠 동안 우연만 봤더니 우연이 꿈에 나온 걸까.,Accidy and... someone else appeared in my dream.\nAfter seeing only Accidy for days` is that why Accidy showed up in my dream?
...이상한 꿈이야.,...It's a strange dream.
좋은 아침!\n오늘은 꽤 늦게까지 잤네?,Good morning!\nYou slept in pretty late today` didn't you?
뭔가 평소보다 더 잔 것 같아.,I think I slept more than usual.
어떻,How...
어떻게 알았냐고?,How did you know?
당연히 전부 기록해놔야지!\n오래오래 함께 해야 하니까!,Of course I have to record everything!\nBecause we have to be together for a long` long time!
다녀올게!\n얌전히 있어!,I'll be back!\nStay put!
{PlayerName}!! 나 왔어!!!,{PlayerName}!! I'm here!!!
...오늘따라 유독 더 밝네.,...it's unusually bright today.
무슨 일 있었어?,Did something happen?
응! 그야 내일부터는 주말이니까!,Yeah! Because the weekend starts tomorrow!
집에서 {PlayerName} 곁에만 꼭 붙어 있을거야♡,
이렇게 {PlayerName}(이)랑 붙어 있을 생각하니까 벌써 너무 신난다!,Just thinking about clinging to {PlayerName} like this already has me so excited!
으음... 지금은 좀 상황이 이러니 힘들겠지만! 나중에 우리 같이 공원 데이트도 하고 수족관도 가고.... 또 바다!\n바다도 가자!,Hmm... I know it’s tough with how things are right now` but! Later` let’s go on a date at the park together` go to the aquarium... and the beach!\nLet’s go to the beach` too!
아...그러고 보니,Ah... come to think of it
방에 붙어있는 저 포스터도 바다였었지?,That poster on the wall was of the ocean too` wasn’t it?
아~! 맞아 저 포스터!,Oh! Right` that poster!
우연이 칼을 가져와서 포스터를 뜯고 뒷 부분을 보여준다.,Accidy brings a knife` rips down the poster` and reveals the back.
포스터에 뒷부분엔 베스트 데이트 코스라고 적혀 있었다.,"The bottom of the poster read ""Best Date Course."""
여기 엄청 유명한 데이트 코스라고 하거든!,They say this is a super popular date spot!
꼭...꼭...둘이서 가보고 싶어!\n내 소원이야!,I really... really want to go` just the two of us!\nThat's my wish!
이룰 수 있으면 좋겠네.,It’d be nice if we could make it happen.
응!,Yeah!
뭐`나랑은 상관없는 얘기겠지만.,Well` it's probably none of my business` though.
벌써 귀가시간인가?,Is it time to go home already?
우연과 함께 지낸지 어느 덧 4일째이다.,Before I knew it` today marks the fourth day I’ve been living with Accidy.
슬슬 긴장이 풀리는 건지 이젠 잠도 잘 오는 것 같다.,Maybe my nerves are finally easing; now I can fall asleep easily.
졸려....,I'm sleepy....
{PlayerName}!! 나 왔어! 나 어째 열쇠랑 키링을 잃어버린 것...,{PlayerName}!! I'm here! I think I somehow lost my keys and keychain...
뭐야...벌써 자?,What... Are you already asleep?
할 수 없지....\n잘 자...,Can't be helped....\nGood night...
죄송해요.\n죄송해요.,I'm sorry.\nI'm sorry.
왜 하필 너 같은 게 태어나서!!!,Why did something like you have to be born!!!
너 때문에 교주님을 뵐 면목이 없는 거 알아?,Do you realize I’m too ashamed to face the cult leader because of you?
죄송해요...\n죄송해요....,I'm sorry...\nI'm sorry....
이런 애 따위 태어나지 않는 게 좋았을 텐데.,It would have been better if a kid like this had never been born.
쯧\n왜 하필 태어나도....,Tsk\nWhy did it have to be born` of all things....
죄송해요....\n죄송해요....,I'm sorry....\nI'm sorry....
꿈에 우연과...다른 누군가들이 나왔다.\n며칠 동안 우연만 봤더니 우연이 꿈에 나온 걸까.,Accidy and... others appeared in my dream.\nMaybe Accidy showed up in my dream because I've only been seeing Accidy for the past few days.
...괜히 찝찝한 꿈을 꿨잖아.,...I had a creepy dream for no reason.
...\n...\n...,...\n...\n...
다녀올게!\n얌전히 있어!,I'll be back!\nStay put!
우연이 나갔다.,Accidy has left.
오늘도 우연이 귀가 전까지 무리하지 말고 방을 살펴보자,Let's not overdo it; just inspect the room until Accidy gets home today.
우연의 옷장이다.,It's Accidy's wardrobe.
옷장 내부가 마구 더럽혀져 있다.,The inside of the wardrobe is smeared all over with filth.
옷장 밑도 열리는 것 같았는데....\n살펴볼까?,It seemed like the bottom of the wardrobe could open` too....\nShould I take a look?
우연이 방에 떨어뜨리고 간 열쇠다.\n전에 자랑하던 곰인형 키링이 달려 있다.,It’s the key Accidy dropped in the room and left behind.\nIt’s got the teddy bear keyring Accidy used to brag about.
자세히 보니 열쇠가 조금 바뀐 것 같아 보인다.,On closer inspection` the key looks slightly altered.
키링만 그대로인가?,Is it only the keyring that's still the same?
우선 챙겨두자.,Let's hold onto it for now.
가방이 구석에 틀어박혀 있다.,The bag is shoved into the corner.
이젠 외출하고 나서 가방 정리도 안 하는 건가?,So now you don't even bother to tidy your bag after going out?
중요해보이는 것은 없으니 다시 제자리에 냅두자.,There doesn’t seem to be anything important` so let’s put it back where it was.
많은 다양한 컨셉의 카페 명함이다.,Business cards from many different themed cafes.
딱히 신경 쓰진 않는 듯 마구잡이로 놓여져 있다.,They’ve been left haphazardly` as if no one really cared.
이런 건 길거리에서 나눠주는 건가?,Is this the kind of thing they hand out on the street?
이런 걸 신경 쓸 시간은 없으니 제자리에 두자.,We don't have time to worry about this—put it back where it belongs.
옷과 쇼핑백이 마구잡이로 섞여 있다.,Clothes and shopping bags are haphazardly mixed together.
외출해서 사거나 입었던 옷들을 제대로 정리하지 않는 것 같다.,It seems they don’t properly put away the clothes they buy or wear after going out.
...건들면 티가 날테니 그냥 가만히 냅두자.,...It’ll be obvious if we tamper with it` so let’s just leave it alone.
밑 서랍은 열어볼 생각이 없었는데,I hadn’t planned to open the bottom drawer.
그래도 한 번 조사해보자.,Still` let's investigate.
옷이 마구잡이로 뒤섞여 있다.,The clothes are jumbled together.
제대로 개지 않고 넣어두는건가?,Are you just going to put it away without folding it properly?
우연을 몰래 따라다닌 걸 걸리고 나서 나는 우연과 함께 귀가했다.,After I was caught secretly following Accidy` I returned home with Accidy.
우연은 약 일주일 동안 내 곁을 떠나지 않았다.,Accidy did not leave my side for about a week.
잠시라도 내가 떨어지려하면 계속 옆에 붙으려 했다.,Whenever I tried to pull away` even for a moment` they kept clinging to my side.
전보다 불안함을 더 많이 느끼는 것 같았지...,It seemed like you were feeling more anxious than before...
옆에서 말리려 해도 딱히 내 말을 듣지도 않고...,Even when I try to stop them` they don’t really listen to me...
우리 함께 한 지 얼마나 됐지?,How long have we been together?
아` 미안 모르려나?,Ah` sorry` maybe you don't know?
어...현실이지?,Uh... this is real` right?
아닌가...꿈인가...,Maybe not... Is this a dream...?
알 수 없는 말도 자주 내뱉고...,They also often blurt out things I can’t understand...
우연의 정신이 점점 더 위험해지는 것 같다.,Accidy’s mental state seems to be getting more and more dangerous.
이상 오래 머물다 보면...\n정말 위험할지도 몰라....,If we stay any longer...\nIt could get really dangerous....
다시 단서들을 모아야 할 것 같은데...,Looks like I need to gather the clues again...
오늘 날짜가....어...벌써 28일이네...,Today's date is.... uh... it's already the 28th...
진짜 얼마 안 남았잖아...어떡하지...,There's really not much time left... What do I do...
그치만... 아직 확인하지 못한 것들이 있는데....,But... there are still things I haven't checked yet....
거기다 방에 남아 있어도....\n...아 꿈인가...\n아니야....확인했잖아.,On top of that` even if I stay in the room....\n...Ah` was it a dream...\nNo.... I checked` didn't I.
저기 우연...?,Um` Accidy...?
우연은 강박적으로 계속 확인할 게 남았다는 말을 중얼거렸다.,Accidy kept compulsively muttering that there was still something left to check.
그러고는 어지럽혀진 방을 몇 번 돌며 이것저것 확인하는 듯 했다.,Then they circled the ransacked room a few times` as if checking one thing after another.
위...위험한건 없어 보이는데....\n정말 꿈...은 아니겠지...?,I-it doesn’t look like there’s anything dangerous...\nThis isn’t really a dream... is it...?
우연!,Accidy!
어....?\n불렀어?,Huh...?\nDid you call me?
그게...괜찮아...?,Is that... okay...?
응 괜찮아.\n괜찮아야 해.\n아직은...,Yeah` I'm okay.\nI have to be.\nFor now...
진짜 괜찮은 거 맞나?,Are you sure it’s really okay?
아! {PlayerName}...!\n나 오늘부터는 또 나가봐야 해...,Ah! {PlayerName}...!\nStarting today` I need to go out again...
방에 있고 싶은데....\n확인해야 하는 게 있거든....,I want to stay in the room` but....\nThere's something I need to check....
불안해서 참을 수가 없어...,I can't stand it... I'm so anxious.
응...잘 다녀와.,Mm... come back safe.
뭘 확인해야 하는데?,What am I supposed to check?
아...맞다. 나 확인해야 했지...,Ah... right. I was supposed to check...
나가자마자우선현실확인부터해야지또꿈일수도있으니까...집앞에있는신호등이제대로작동하는지도봐야지고쳐달라고몇번을말해도왜안들어주는지모르겠어그신호등때문에도대체몇번을...병원이제대로만들어졌는지도봐야지맨날늦긴해서짜증나지만그래도없는것보단있는게낫잖아....그리고또....,
...우연?\n듣고 있어?,...Accidy?\nAre you listening?
우연은 한참 그렇게 뭔가를 생각하는 듯했다.,Accidy stayed like that` as if thinking about something` for quite a while.
아 미안....!\n별 거 아니야.,Ah` sorry...!\nIt’s nothing.
우연이 웃으며 특유의 다정한 톤으로 대답했다.,Accidy replied with a smile` in that signature gentle tone.
언제 봐도 저 감정 기복은 적응이 안 된다.,I can never get used to those mood swings.
다녀올게!\n얌전히 있어!,I'll be back!\nStay put!
꼭 약속한 거야?,You really promise?
전부 너를 위한 일이니까 꼭 들어줘` 알았지?,It’s all for your sake` so make sure you listen` okay?
우연이 나갔다.,Accidy has left.
다시 방을 조사해 보자.,Let's investigate the room again.
전과 달리 많이 어지러져 있지만 그만큼 다른 단서들도 찾을 수 있을 거야.,It’s much more chaotic than before` but that means we should be able to find other clues as well.
나 왔어!,I'm back!
별 일 없었지?,Nothing unusual happened` right?
응. 별 일 없었어.,Yeah. Nothing happened.
우연은 들어오자마자 대충 짐을 내팽겨치곤 나에게 말을 걸었다.,As soon as Accidy came in` they carelessly flung their stuff down and started talking to me.
이러니까 방이 점점 더러워지지...,This is why the room keeps getting dirtier...
요즘은 머리가 너무 몽롱해.\n뭔가 꿈 속을 걷고 있는 것 같은 기분이야....,Lately my head feels so foggy.\nIt feels like I'm walking in a dream....
확인을 해도 해도 부족해서... 그렇게 오래 걸리지 않을 일들이 너무 오래 걸려서 문제고...,No matter how many times I check` it’s never enough... The problem is` things that shouldn’t take long are taking far too long...
빨리 확인하고 계속 네 곁에 붙어 있고 싶은데....,I want to check quickly and stay close to you` but....
...빼고 다 죽어버렸으면 좋겠다 그냥....,
어?,Huh?
응? 아니 당연히 {PlayerName}은 빼고! ,Huh? No` of course—except for {PlayerName}!
어...응...,Uh... yeah...
죽으라느니 뭐라느니 엄청 쉽게 입에 담네...,You throw around “go die” and whatever like it’s nothing...
{PlayerName}은(는) 죽으면 안 돼.,{PlayerName} must not die.
알았지?\n영원히 내 곁에만 있어야 해♡,Got it?\nYou must stay by my side forever—only me♡
응....,Yeah....
다가와서 눈을 맞추는 우연에 슬쩍 시선을 피하며 대답했다.,As Accidy came closer and met my eyes` I briefly looked away and answered.
우연은 내 대답을 듣고 기쁜 듯 활짝 웃어보였다.,Accidy broke into a bright` pleased smile at my answer.
역시 네가 날 죽이지만 않으면 다행일 것 같은데....,I guess it would be a relief as long as you don't kill me....
아...아침이네....싫다....\n오늘도 일단은 나가야겠지?\n나가기 싫은데....정말 싫은데...,Ah... morning already... I hate this...\nI guess I have to go out again today?\nI don't want to go out... I really don't want to...
{PlayerName}은(는) 아직은 머물겠지...?,Maybe {PlayerName} will stay for now...?
아직 때가 아니니까....응...,Because it's not time yet.... mm-hmm...
응?,Huh?
또 어려운 소리를 중얼거린다.,He mutters incomprehensible words again.
으응 아니야...\n응 오늘도 아침에 제대로 현실인 걸 확인했으니까...,Mm` no...\nYeah` I checked again this morning and made sure it's real...
{PlayerName}도 실제 {PlayerName}(이)가 맞고...,It's true that {PlayerName} is the real {PlayerName}` too...
...빨리 보내야지.,...I’d better send it quickly.
잘 다녀와.,Come back safe.
응 다녀올게!,Yeah` I’ll be back!
아! 진짜!!,Ah! Seriously!!
우연?,Accidy?
우연이 화를 내며 방으로 들어왔다.,Accidy stormed into the room.
사람들은 왜 자꾸 밖에서 담배를 피는 거야?\n금연구역이라고 대놓고 써져 있잖아!!,Why do people keep smoking outside?\nIt’s clearly marked as a no-smoking area!!
진짜 냄새도 냄새인데 라이터 때문에 너무 화가 난단말야!,Seriously` the smell is bad enough` but that lighter is making me so mad!
안 보이는 곳에서 피던가!,If you’re going to smoke` do it where no one can see!
난 불이....불이...,
우연 괜찮아?,Accidy` are you okay?
우연아 진정해 봐.,Accidy` try to calm down.
{PlayerName}...나 진짜 너무 무서웠어...,{PlayerName}... I was so` so scared...
우연은 평소보다도 더 불안해 보였다.,Accidy looked even more anxious than usual.
불에 안 좋은 추억이 있나?,Do you have bad memories of fire?
우선 지금 놀란 것 같으니까...음 이 곰인형이라도 안고 빨리 자는 게 좋을 것 같아.,First` since you seem shaken right now... um` it might be best if you hug this teddy bear and turn in early.
! \n응... 잘 자 {PlayerName}.,! \nMm... Good night` {PlayerName}.
우연은 잠시 놀란 표정을 짓다가 웃으며 대답했다.\n나도 빨리 자야겠다.,Accidy looked startled for a moment` then answered with a smile.\nI should get to bed soon` too.
...\n...\n...,...\n...\n...
내 생일 날에 우리 집에 불이 났었어...,On my birthday` our house caught fire...
근데 다들 나한테 나가지 말라고 그랬어.\n분명 집에 불이 났는데...,But everyone told me not to go out.\nThe house was definitely on fire...
그게 속죄하는 거랬어...,They said that's how you atone...
근데 너무 무서워서 무작정 달려서 도망갔어.,But I was so scared I just ran blindly to get away.
나 잘한 걸까...?,Did I do the right thing...?
응 잘 한 거야.\n항상 나는 네가 너를 위해 살았으면 좋겠어.,Yeah` you did the right thing.\nI always want you to live for yourself.
나를 위해서...고마워 ,For my sake... thank you.
나 [{PlayerName}](이)가 있어서 살 수 있을 것 같아.,I think I can survive because [{PlayerName}] is here.
항상 곁에 있어줘.,Stay by my side` always.
응 항상 곁에 있을게.,Yeah` I’ll always be by your side.
약속이야.,I promise.
응` 약속.,Yeah` Promise.
...\n...\n...,...\n...\n...
또 이상한 꿈...,Another strange dream...
{PlayerName}? ,{PlayerName}?
{PlayerName} 듣고 있어?,Are you listening` {PlayerName}?
어...응?,Uh... yeah?
나 이제 나갈 거라고!\n잘 지내고 있어.,I'm leaving now!\nI'm doing fine.
알았지?\n{PlayerName} 절대 절대 사라지면 안돼!,Got it?\n{PlayerName}` never` ever disappear!
알았어.,Got it.
이제 이런 류의 질문도 익숙해진다.,Even this kind of question is starting to feel familiar now.
우연은 자신을 위해서 살고 있는 건가?\n그런 거 치고 나를 너무 신경 쓰는 것 같은데...,Is Accidy living for their own sake?\nIf that's the case` they seem way too concerned about me...
이상한 꿈 때문인지 우연이 신경 쓰인다.,Maybe it’s because of that strange dream` but I can’t get Accidy out of my head.
...너무 신경쓰지 말자.,...Let's not worry about it too much.
잘 다녀와,Come back safe.
응! 다녀올게!,Okay! I'll be back!
나 왔어....,I'm back....
기운이 없나?,Feeling weak?
아...힘들어.\n사람들 많은 거 너무 싫어....,Ah... I'm exhausted.\nI hate crowds so much....
거기다가 왜 이렇게 지나가는 사람을 뚫어져라 쳐다보는 거야?,And on top of that` why are you staring holes through passersby like that?
그냥 좀 냅두면 안 되나...,Can't we just leave it be...
수고했어.,Good work.
괜찮아?,Are you okay?
응...,Yeah...
그냥 사람이 많으면 지친단 말이야...,I just get exhausted when there are too many people...
유독 요즘 사람이 많아서...하...,It’s unusually crowded these days... sigh...
확인하는데도 자꾸 시간이 걸리고...,It keeps taking so long just to check...
...,...
아...진짜 영원히 안나가고 함께 있고 싶다...,Ah... I really want to stay together forever and never leave...
물론 그렇게 방에만 있어도... 일은 꼬일대로 꼬여버리겠지...,Of course` if you keep holed up in your room like that... everything will only get more and more tangled...
응?,Huh?
아니야.\n그냥 너랑만 붙어있고 싶다고...,No.\nI just want to stay by your side—only you...
그게 날 위하는 거야.,That's in my best interest.
그러니까 어디 가지 말고 얌전히 있어줘 알았지?,So don't go anywhere—just stay put` got it?
사랑해.,I love you.
응....,Yeah....
부담스러워.,It's overwhelming.
...나 다녀올게.,...I'll be right back.
오늘따라 빨리 나가네?,Leaving early today?
응...뭐...,Yeah... what...
우연은 불안한지 손톱을 물어뜯으며 방을 나갔다.,Accidy left the room` nervously biting their nails.
...문이 닫혔다.\n방을 조사하자.,...The door closed.\nLet's search the room.
...오늘따라 무리했는지 몸이 무겁다.,...My body feels heavy—maybe I pushed myself too hard today.
아직 우연이 들어오지는 않았지만 눈이 감긴다.,Accidy hasn’t come in yet` but my eyes are closing.
철컥,Clack.
{PlayerName} 나 왔어!,{PlayerName}` I'm here!
...자?,...Shall we?
....잘 자.,....Sleep well.
...이젠 시간이....정말 얼마 안 남았네.,...Now... there's really not much time left.
...\n...\n...,...\n...\n...
...?,...?
날 떠나지 않는다고 약속했잖아.,You promised you wouldn’t leave me.
거짓말쟁이,Liar.
거짓말쟁이...,Liar...
거짓말쟁이...,Liar...
우연?,Accidy?
우연이 물을 웅얼거리며 바다 깊은 곳으로 들어간다.,Accidy` muttering to the water` descends into the depths of the sea.
우연을 막는다.,Stop Accidy.
우연을 부른다,Call out to Accidy
큰일 날 것 같은 기분에 우연을 멈추려 했지만 몸이 움직이지 않았다.,Sensing something terrible was about to happen` I tried to stop Accidy` but my body wouldn't move.
우연이 사라지는 것을 가만히 바라볼 수밖에 없었다.,I could do nothing but watch in silence as Accidy disappeared.
우연이 완전히 바다에 잡아먹혔다.,Accidy was completely devoured by the sea.
...\n...\n...,...\n...\n...
...이상한 꿈을 꿨다.,...I had a strange dream.
이곳에 오고 나서부터 자꾸 좋지 않은 꿈을 꾸는 기분이다.,Ever since I came here` it feels like I keep having bad dreams.
꿈자리가 사납단 말이지...,My dreams have been unsettling...
피곤해?,Are you tired?
언제부터 날 보고 있었는지 모르겠을 우연이 나를 걱정했다.,Accidy` who had been watching me for who knows how long` was worried about me.
응...꿈이 좀 ,Yeah... the dream was kind of...
꿈?,A dream?
꿈이란 이야기에 우연의 표정이 조금 미묘해졌다.,At the mention of it being a dream` Accidy’s expression grew a little hard to read.
...꿈 나도 싫어.,...I hate dreams too.
나...\n언제부턴가 악몽만 꾸거든...,I...\nFor a while now` I've only been having nightmares...
그래서 꿈을 바꾸려고 했더니...,So when I tried to change the dream...
나도 결국 꿈인지 모르게 되어버려서...,In the end` I couldn’t tell it was a dream either...
여긴 꿈이 아니지?,This isn't a dream` is it?
모르지...,I don't know...
아니야.,No.
...\n...\n...,...\n...\n...
피곤해?,Are you tired?
...아까 그것도 꿈인가.,...Was that earlier a dream too?
음...잘못 잤어?,Um... did you sleep funny?
이것도 꿈인가?,Is this a dream too?
...현실이지?,...This is real` right?
무슨 얘기야...?,What are you talking about...?
여긴 현실이야.,This is reality.
확실해 내가 아침에... 현실 확인을 했으니까...,I’m sure. This morning... I did a reality check...
현실 확인?,Reality check?
응 현실확인.\n보통 꿈에선 내가 생각한대로 모두 이루어진다고 하거든.,Yeah. Reality check.\nUsually` in dreams` everything happens just the way I think it will.
그리고...꿈과 현실이 비슷해져버리면...구별할 수 없어져버리니까...,And... once dreams and reality get too similar... you can't tell them apart anymore...
그래서 터무니없는 걸 상상해서 그게 실현되는지 보는 거야...,So you imagine something ridiculous and see if it comes true...
예를 들어 내가 박수를 쳤는데 방 불이 켜진다거나 하는...,For example` I clap my hands and the room lights turn on` or something like that...
정 불안하면 한 번 해봐...!\n심적으로 조금 괜찮아지더라고!,If you're really anxious` give it a try...!\nIt actually helped me feel a little better.
응...,Yeah...
시간이 벌써 이렇게 됐네...,It's already this late...
얌전히 있어줘\n오늘도 내가 가장 사랑해.,Stay still for me.\nI love you the most today` too.
나 나갔다 올게...!,I-I'll be right back...!
현실 확인...\n나도 그런 수단을 하나 만들어 두는 게 좋을까?,Reality check...\nShould I make one of those for myself` too?
...슬슬 돌아올 시간인데?,...Shouldn't they be back by now?
밤이 늦은 것 같은데도 우연이 돌아오질 않는다. ,Even though it's late at night` Accidy still hasn't come back.
평소엔 늘 비슷한 시간에 돌아오던 우연인데...,Normally` Accidy would come back around the same time` but...
혹시라도 오늘은 진짜 나가볼 수 있지 않을까?,Could I maybe actually get out today?
혹시라도 그냥 걱정되어서 나와봤다고 하면 되지 않을까?,Maybe I could just say I stepped out because I was worried?
혹시라도 걸려서 우연이 따라오면 그냥 도망가면 되지 않을까?,If we get spotted and Accidy comes after us` can't we just run for it?
...방에 있는 것 보단 무엇이든 더 나을 거 같은 기분이 들었다.,...I felt like anything would be better than staying in that room.
그렇게 다짐하고 방문에 손을 올리니 방문이 자연스레 열렸다.,With that resolve` I set my hand on the door` and it opened of its own accord.
요즘 그렇게 강박적으로 무언가를 확인하는 듯 했는데 방문은 제대로 확인을 못한 건가?,You’ve been obsessively checking everything lately—did you not check the door properly?
최근 계속 열려 있었던 걸까?,Has it been left open the whole time lately?
아님 그저 우연히 오늘 열려 있던 걸까?,Or was it just open by chance today?
...생각은 그만두고 우연이 돌아오기 전에 나가자.,...Stop thinking and let's get out before Accidy gets back.
우연이 돌아오면 또 근 몇 주는 못 나가게 될 수도 있으니...,If Accidy comes back` we might not be allowed out again for a few weeks...
우연의 방에서 나왔다.,I left Accidy's room.
예상은 했지만 밤에 나오니까 전보다 사람이 더 많다.,I figured as much` but now that I’m out at night` there are more people than before.
주변에 우연은....,Accidy is nearby....
....,....
우연이다. ,It's Accidy.
아직 이 주변에 있었구나,So you were still around here.
그렇게까지 열심히 확인할 만한 게 있었나?,Was there really anything worth checking that thoroughly?
잠시 우연을 조금 더 관찰하다가 우연이 방심했을 때를 틈타 도망가든...아니면...대화를 해볼지 결정하자.,Let's decide whether to watch Accidy a little longer and seize the chance to run when Accidy lets their guard down... or... try talking.
대화를 해볼지 결정하자.,Let's decide whether to talk.
혹시라도 우연에게 무슨 일이 있을지도 모르니까.,Just in case something happens to Accidy.
...이상한 꿈을 자주 꾸더니 나도 이상해진 것 같다.,...I keep having strange dreams; I think I'm getting strange too.
그래도 나중 가서 찝찝한 건 싫으니까...,Still` I don't want it to come back to haunt me later...
전과 같이 우연에게 들키지 않도록 조심하며 특이한 것들을 조사해보자.,As before` investigate anything unusual while taking care not to be spotted by Accidy.
우연을 이해할 단서를 더 모을 수 있을지도 모른다,I might be able to gather more clues to understand Accidy.
이런 식으로 의심가는 건물이나 사물 혹은 사람을 조사하면 되겠어.,Just investigate suspicious buildings` objects` or people like this.
우연이 앞을 볼 때까지 [뒤 돌아있는 상태를 유지]하고 있자,Let's [keep facing away] until Accidy looks forward.
[24시간 응급실]이 있는 대형 병원의 전단지를 발견했다.\n굳이 안버린 이유가 있을까?,I found a flyer from a large hospital with a [24-hour emergency room].\nWas there a reason it wasn’t thrown away?
잔뜩 찢긴 바다 포스터다.\n멋대로 찢었다가 다시 [스티커]들을 붙여뒀다.,A poster of the ocean` torn to shreds.\nSomeone ripped it up on a whim and then patched it back together with [stickers].
일전에 발견한 다이어리이다\n비밀번호는 그대로 내 생일이었다.\n일기 내용을 보니 우연의 정신이 좋아보이지 않는다.,It's the diary I found earlier\nThe password was still my birthday.\nFrom the entries` Accidy's mental state doesn't look good.
유독 표지가 특이한 책이다.\n꿈에 대하여 적혀져 있다.\n[자주 읽은 듯] 책에 흔적이 남아있었다.,A book with a strikingly unusual cover.\nIt contains writings on dreams.\n[Looks well-read] The book shows signs of use.
포스터에 붙은 별 모양 스티커들이다.\n어떤 모양을 나타내는 것 같기도 하다.,Star-shaped stickers on the poster.\nThey almost look like they're forming a shape.
별모양 구슬이 있는 특이한 반짇고리이다.\n이 반짇고리에서 실과 바늘을 꺼냈다.\n우연은 이걸 사용해서 [곰인형들을 리폼하거나 고치는 듯] 하다.,
잠금이 걸려있는 틴케이스이다.\n그 안에서는 바다를 향하는 기차표 두 개가 나왔다.,It’s a locked tin case.\nInside were two train tickets bound for the sea.
전 외출때 사온 것 같은 뜯지 않은 쇼핑백들이다.\n전부 내가 평소 좋아하던 옷들이다.,Unopened shopping bags that look like they’re from the last time I went out.\nThey’re all clothes I used to like.
꿈에 대해 작성한 일기인 듯 하다.\n하지만 꿈 일기라기엔 현실과 꿈을 잘 구별하지 못하는 것 같다.,It seems to be a diary written about dreams.\nBut for a dream diary` they don't seem to distinguish reality from dreams very well.
처방약이다.\n역시 약이 없으면 일상생활이 힘든건가?,It’s prescription medicine.\nIs it really that hard to get through everyday life without meds` after all?
저번 외출과 같이 이번에도 우연은 신호등을 바라봤다.\n잠시 화가 나는 듯한 표정을 지었다.,As on the previous outing` Accidy stared at the traffic light again.\nFor a moment` an angry expression crossed their face.
테마카페 호객행위를 하는 사람을 자연스레 피했다.\n지겹다는 표정인 걸 봐선 자주 경험한 듯 하다.,I instinctively sidestepped the theme café tout.\nJudging by the fed-up look on their face` they’ve dealt with this a lot.
편의점에서 술을 포함해서 이것 저것 많이 산 듯하다.\n혼자는 저만큼 다 못먹을 것 같은데...,"Looks like they bought a lot of odds and ends at the convenience store` including alcohol.\nIf they were alone` I doubt they could finish all that..."""
가출 청소년들이 우연에게 말을 걸었다.\n우연은 편의점에서 산 음식들을 조금 나눠주었다.,Runaway youths struck up a conversation with Accidy.\nAccidy shared some of the food bought at the convenience store.
우연은 내 스타일의 옷가게에 들어갔다 나왔다.\n집에 있는 것과 같은 브랜드인 것을 보아 내 옷을 산 것 같다.,Accidy went into a clothing store that’s my style and came back out.\nJudging by the brand being the same as what I have at home` it seems he bought my clothes.
경찷이 우연을 보며 혀를 찼다.\n우연은 경찰관의 시선이 불편한 듯 조금 떨었다.,The officer clicked his tongue at Accidy.\nAccidy trembled slightly` uneasy under the officer’s gaze.
담배피는 사람들이 담배에 불을 붙히자 우연은 몸을 크게 떨며 무서워했다.\n불에 트라우마가 있어보인다,As the smokers lit their cigarettes` Accidy shuddered violently` terrified.\nThey seem traumatized by fire.
덩치가 큰 클럽 가드 여러명이 우연 주변에 서 있는다.\n우연은 덩치 큰 사람을 무서워하는 것 같았다.,Several burly club bouncers were standing around Accidy.\nAccidy seemed to be afraid of big men.
옷장 속에서 발견한 또 다른 다이어리다.,Another diary found in the closet.
꿈일기...?,Dream diary...?
이건 자물쇠가 걸려있네....,It's locked....
[열쇠]가 필요해.,I need a [key].
철컥,Clack.
이 열쇠가 맞았나보다.,Looks like this was the right key.
꿈에 대한 내용들이 쓰여져 있는 것 같다.,It seems to contain writings about dreams.
....\n현실과 꿈을 혼동하는 것 같아...,....\nI think I'm mixing up reality and dreams...
우연이 자신의 꿈에 대해 작성해둔 꿈 일기를 발견했다.\n몇몇 내용은 꿈이 아닌 내용들이 섞여있다.\n꿈과 현실을 분간하지 못하는 것 같다.,Accidy discovered the dream journal they had kept about their own dreams.\nSome entries have non-dream content mixed in.\nIt seems they can't distinguish between dream and reality.
팔다리가 리폼되어있는 곰인형이다.,It's a teddy bear with altered limbs.
...곰인형을 다 뜯고 다시 봉제해둔 것 같다.,...It looks like someone tore the teddy bear open and stitched it back together.
굳이 이렇게까지 곰인형을 리폼해두는 이유가 있나...,"Why go to such lengths to refashion a teddy bear...?"""
팔과 다리가 리폼되어있는 곰인형.\n이유는 모르겠으나 하나하나 리폼해두는 듯 하다.,
11월 1일,November 1
또 죽는 꿈인건가.,Is this another dream where I die?
현실이었나?,Was it real?
꿈에서 죽은건지 현실에서 죽은건지 분간이 가지 않는다….,I can’t tell if I died in a dream or in reality….
반복되는 악몽이 싫다.\n꿈인데도 왜 마음대로 조절이 안되지.,I hate these recurring nightmares.\nEven though it's a dream` why can't I control it?
전부 다 모르겠다.,I don't know anything.
우선 잊지않기위해 적어두자.\n점점 무뎌져가는 것 같아.,First` I'll write it down so I don't forget.\nI feel like I'm growing more and more numb.
6월 16일,June 16
먼 과거의 꿈을 꿨다. ,I dreamed of the distant past.
생일엔 늘 이렇게 된다. ,On my birthday` it always turns out like this.
이번엔 내가 집에 불을 질렀다.,This time` I set the house on fire.
이거면 됐다. 모두 죽어버려.\n당신들같은 사람들은 필요 없어.,This is enough. All of you` just die.\nI have no use for people like you.
날 사랑해주지도 않고.\n차라리 죽어버려.,You don’t even love me.\nJust die already.
나는 악마가 아니야.,I'm not a demon.
...다음 번에 같은 꿈을 꾸면 그때는 나를 사랑한다고 말하라고 해야지.,...If I have the same dream again` I’ll make you say you love me.
10월 21일,October 21
{PlayerName}이(가) 날 따라오길래 함께 집으로 돌아오는 꿈을 꿨다. ,I had a dream that {PlayerName} was following me` so we came home together.
{PlayerName}은(는) 집에 있을테니까 꿈이 맞을거야.,Since {PlayerName} should be at home` this must be a dream.
거기다 이렇게 다정하게 날 데려와주다니...,And to top it off` you were so kind as to bring me here...
바랬더니 데리러 왔나봐.,I wished for it` and it seems you came to take me away.
꿈은 편리하구나.,How convenient dreams are.
그래도...괜히 밖에 나온 {PlayerName}을(를) 보니까 불안하네...,Still... seeing {PlayerName} out here for no reason makes me uneasy...
깨고나면 한동안은 {PlayerName}(이)랑 같이 있어야겠어.,I'd better stay with {PlayerName} for a while after I wake up.
책장에 책들이 빽빽하게 꽂혀있다. ,Books are tightly packed on the bookshelf.
뭔가 조사해볼만한 책은 없을까?,Is there any book worth looking into?
책장 위에 놓인 곰인형들이다.,There are teddy bears placed on top of the bookshelf.
전부 리폼을 한 것 같다.,Looks like everything’s been remodeled.
인형 사이엔 시계가 있네?,There's a clock between the dolls?
옷장 밑이다.,Under the wardrobe.
...이건 그래도 사생활로 지켜주는게 좋을 것 같아.,...still` I think it's better to keep this private.
문 앞에 달려있는 발이다.,It's the blind hanging in front of the door.
이런건 어디에 파는거야.,Where do you even buy something like this?
밖에서 잠근건지 문은 열리지 않는다.,The door won’t open—maybe it’s locked from the outside.
문을 열려하는 것보단 차라리 다른 걸 찾아보는게 낫겠어.,Instead of trying to open the door` we’d be better off looking for something else.
틴케이스가 열리지 않는다.,The tin case won’t open.
이 번호가 아닌가보다.,Looks like this isn’t the right number.
어딘가 도움이 될만한게 없나...,"Is there anything useful around here...?"""
덜그럭 소리만 날뿐 열리지 않는다.,It just rattles; it won't open.
고장은 아닌 것 같고 역시 비밀번호가 틀렸나?,It doesn't seem broken. Is the password wrong after all?
별 모양 구슬과 연관된게 주변에 있을까?,Could there be something around here connected to the star-shaped marble?
서랍장이 열린다. ,The drawer opens.
옷과 물건들이 뒤엉켜있다,Clothes and belongings are all jumbled together.
...옷장 정리가 아예 안되어있네.,...The closet isn't organized at all.
저건 또 뭐지?,What's that now?
역시 정리가 안되어있다.,Figures—it's still a mess.
멋대로 쳐박아둔 것 같다.,Looks like someone just shoved it away carelessly.
이러면 옷을 찾을 순 있나....,Will I even be able to find my clothes....
...원래라면 안열어봤겠지만 지금은 그런걸 가릴때가 아니다.,...Normally` I wouldn’t have opened it` but now isn’t the time to worry about that.
어차피 지금의 우연 상태라면 이런 걸 알아차리지도 못할 것 같다.,Either way` in Accidy’s current state` they probably wouldn’t even notice something like this.
잠시만 열어보자.,Let's open it for a second.
,
,
안녕하세요`점장님. 저 마감 타임에 알바하고 있는 우연입니다.\n갑작스레 연락드려 죄송하지만 이제 알바를 그만둬야할 것 같아 연락드립니다.\n개인 사정때문에 다음주부터는 출근 불가능합니다.,Hello`Manager. This is Accidy; I work the closing shift.\nI apologize for the sudden message` but I’m reaching out because I think I have to quit.\nDue to personal circumstances` I won’t be able to come in starting next week.
조금 당황스러운데,This is a little disconcerting.
일찍 말해줄 수 있었잖아.,You could have told me earlier.
네가 그렇게 나오면 우리는 정말 곤란해져.,If you keep this up` we’ll be in real trouble.
개다가 너는 워낙 출근 일수도 많잖아.,Besides` you already work so many days as it is.
사정이라도 알고 싶은데 왜 그만두는거니?,I at least want to know why—why are you giving up?
그건...개인사정이라 말씀드리기 어렵습니다.,That's... a personal matter` so it's hard for me to say.
이거 정말 곤란하네...,This is really bad...
말이 다음주지 따지고 보면 다음 근무부터 못나온다는거 아니니?,They say it’s next week` but strictly speaking` doesn’t that mean you won’t be able to come in starting with your next shift?
됐다.,Got it.
그만두겠다는데 어쩌겠니...,They say they’re quitting; what can you do...
에휴...미리 말 좀 하지...,Sigh... You could’ve told me ahead of time...
이래서 요즘 애들이랑은 말이 안통한다니까...,See? This is why you can't get through to kids these days...
자퇴했다길래 고민하다가 쓴건데 정말....,I heard you dropped out` so after mulling it over I wrote this. Really....
죄송합니다.,I'm sorry.
일단 알겠어.,Alright. Got it—for now.
수고했어.,Good job.
넵,Yep.
,
우연아 오늘 출근 왜 안하니,Accidy` why aren’t you going to work today?
늦는 만큼 급여 깎이는거 알지~?,You know your pay gets docked for being late` right?
아 맞다 그만 뒀었지. 정신이 없네.,Oh` right—I had quit. I'm not thinking straight.
미안~,Sorry~
아 싫다....또 돌아왔네...별로 좋아하는 날은 아닌데.,Ugh` I hate this.... Back again... Not a day I’m fond of.
X같아.\n제발 그만 좀 나와.\n엄마고 아빠고 다 보기 싫어.,
생일 축하해.,Happy birthday.
해야할 일들부터 정리해야지.\n자퇴하고`돈벌고...`아 살기싫어,
외롭다....\n너만 안죽었다면 외롭진 않았겠지...,I'm lonely....\nIf only you hadn't died` I wouldn't be so lonely...
누구라도 내 곁에 있어줬으면 좋겠어.\n내 곁에 머물러줘.,I wish someone—anyone—would be there for me.\nStay by my side.
다시 찾아야겠지....,Guess I'll have to find it again....
찾았다.\n곧 만나자.,Found you.\nSee you soon.
나를 사랑해줘\n...난 사랑받고 싶은건가?\n이젠 다 모르겠다....,Love me\n...Do I just want to be loved?\nI don't know anything anymore....
누구라도 좋으니까 내가 틀리지 않았다고 해주면 좋겠다....,I wish someone—anyone—would tell me I wasn’t wrong....
보고 싶어.\n곧 만나자.\n그리고 꼭 영원히 함께하자,I miss you.\nLet's meet soon.\nAnd let's be together forever.
,
***** 임시 스크립트 *****,***** Temporary Script *****
,
,
???,???
남자A,Man A
여자A,Woman A
S카페 점장님,S Cafe Manager
,
,
뭐? 그거 큰일인데. 경찰에 신고해야 하는 거 아니야?,What? That’s serious. Shouldn’t we report it to the police?
아직 확실하지 않아서요. 그냥 기분 탓일지도 모르고... 그런데 자꾸 신경 쓰여요.,I'm not sure yet. Maybe I'm just imagining things... but I can't shake it.
그럼 오늘은 내가 데려다줄까? 혼자 가는 건 위험할 것 같아.,Then how about I walk you home today? Going alone could be dangerous.
괜찮아요` 사장님. 걱정 끼쳐드리고 싶지 않아요. 하지만 감사합니다.,I'm okay` Boss. I don't want to make you worry. But thank you.
그래도 안 되겠어. 지금 어디야? 내가 데리러 갈게.,This isn’t going to work. Where are you right now? I’ll come get you.
정말요? 지금 카페 근처에 있어요. 고맙습니다` 사장님.,Really? I'm near the cafe right now. Thank you` Boss.
곧 갈게. 조금만 기다려.,I'll be there soon. Just wait a little.
네` 조심해서 오세요.,Okay` Please be careful coming here.
우연` 도착했어. 어디 있어?,Accidy` I’ve arrived. Where are you?
사장님! 여기 있어요. 감사합니다.,Boss! It’s right here. Thank you.
천만에. 자` 가자. 걱정하지 마` 내가 같이 있어줄게.,You're welcome. Come on` let's go. Don't worry` I'll stay with you.
정말 감사합니다` 사장님. 덕분에 조금 안심이 되네요.,Thank you so much` sir. Thanks to you` I feel a little more at ease.
언제든지. 무슨 일 있으면 꼭 말해. 알았지?,Anytime. If anything happens` make sure you tell me. Got it?
네` 고마워요. 사장님. 정말 고마워요.,Yes` Thank you. Boss. Thank you so much.
,
기억해 내야 해... 좋았던 순간들..,I have to remember... the good times..
