Script ID,Eng,Kor,JP_M,JP_W,Placeholder,비고,EOL
DialogueC_001,???,???,???,???,,,EOL
DialogueC_002,Accidy,우연,グウゼン,グウゼン,,,EOL
DialogueC_003,Fate,필연,ヒツゼン,ヒツゼン,,플레이어가 지정한 이름,EOL
DialogueC_004,,,,,,공백,EOL
Dialogue_0001,,안녕,,,,,EOL
Dialogue_0002,,깼어?,,,,,EOL
Dialogue_0003,,...,,,,,EOL
Dialogue_0004,,응,,,,,EOL
Dialogue_0005,,우선 조용히 상황을 파악하자.,,,,,EOL
Dialogue_0006,,숨겨봤자 걸릴게 뻔하다. \n...상대방은 내 목소리를 못들은 것 같다.,,,,,EOL
Dialogue_0007,,옆에서 들린 목소리는,,,,,EOL
Dialogue_0008,,여자,,,,,EOL
Dialogue_0009,,남자,,,,,EOL
Dialogue_0010,,부드럽고 얇은 느낌의 여자 목소리였다.,,,,,EOL
Dialogue_0011,,편히 듣기 좋은 남자 목소리였다.,,,,,EOL
Dialogue_0012,,그나저나 여긴 어디지...,,,,,EOL
Dialogue_0013,,약...약이 너무 강했나...,,,,,EOL
Dialogue_0014,,어쩌지...이러다가 죽어버리면….죽어버리면…,,,,,EOL
Dialogue_0015,,손톱을 물어뜯는건가? \n냅두면 계속해서 물어뜯을 것 같다\n우선 말려야겠지.,,,,,EOL
Dialogue_0016,,깼어,,,,,EOL
Dialogue_0017,,아! 다행이다! 큰 문제는 없나봐!\n혹시 죽었을까봐 걱정이었어!,,,,,EOL
Dialogue_0018,,아무렇지 않게 말하네....,,,,,EOL
Dialogue_0019,,자! 그럼 이제 어서 아~해.,,,,,EOL
Dialogue_0020,,응?,,,,,EOL
Dialogue_0021,,아플테니까 죽 먹어야지! 아~,,,,,EOL
Dialogue_0022,,무의식적으로 몸을 피했다. ,,,,,EOL
Dialogue_0023,,이번엔 진짜...약은 안탔는데....,,,,,EOL
Dialogue_0024,,정말인데....,,,,,EOL
Dialogue_0025,,날 믿지 못하는거야? 응?,,,,,EOL
Dialogue_0026,,죽을 먹는다.,,,,,EOL
Dialogue_0027,,무시한다.,,,,,EOL
Dialogue_0028,,내가 먹을 때까지 계속 손톱을 물어뜯을 것 같다.,,,,,EOL
Dialogue_0029,,먹을게.,,,,,EOL
Dialogue_0030,,어차피 내가 먹겠다 할때까지 저러고 있었겠지.,,,,,EOL
Dialogue_0031,,와~ 역시 나를 믿어주는구나! 기뻐!,,,,,EOL
Dialogue_0032,,다 먹었네! 장하다! \n있잖아 나도 {PlayerName}(이)랑만 붙어있고 싶은데...,,,TRUE,,EOL
Dialogue_0033,,나 꼭 나가봐야하는 일이 있어서 말이야. ,,,,,EOL
Dialogue_0034,,나가지 말고 여기서 얌전히 지내고 있어야 해.,,,,,EOL
Dialogue_0035,,알았지?,,,,,EOL
Dialogue_0036,,응,,,,,EOL
Dialogue_0037,,고개를 끄덕인다.,,,,,EOL
Dialogue_0038,,얌전히 있기로 약속한거야!,,,,,EOL
Dialogue_0039,,나가면 너를 찾아 헤매다가 나 죽어버릴거니까!,,,,,EOL
Dialogue_0040,,그러니까 얌전히 자고 있어♡\n보고 싶을거야.,,,,,EOL
Dialogue_0041,,역시 죽에 뭘 탔나보다.,,,,,EOL
Dialogue_0042,,시야가 흐려지고 잠이 온다,,,,,EOL
Dialogue_0043,,날 납치한 납치범은 방을 나간 것 같다.,,,,,EOL
Dialogue_0044,,너무 반항하는 걸 티내면 날 어떻게 할지 몰라...,,,,,EOL
Dialogue_0045,,납치범의 앞에서는 얌전한 척을 하고 납치범이 자리를 비웠을 때 탈출에 대한 정보를 찾아봐야겠다.,,,,,EOL
Dialogue_0046,,곰인형들이 무더기로 침대 위에 올려져 있다.,,,,,EOL
Dialogue_0047,,잠 잘때마다 느낀 찝찝함은 얘네들 때문이었나....,,,,,EOL
Dialogue_0048,,레이스가 잔뜩 달린 이불이다.,,,,,EOL
Dialogue_0049,,평소의 내 취향과는 거리가 있다.,,,,,EOL
Dialogue_0050,,감기약과 캔에 담긴 술이다.,,,,,EOL
Dialogue_0051,,술과 약을 함께 먹는 건가?,,,,,EOL
Dialogue_0052,,약은 꽤 많이 비워져있다.,,,,,EOL
Dialogue_0053,,그나저나 빨대에도 리본을 달아놨네....,,,,,EOL
Dialogue_0054,,책상 위에 있는 스탠드 조명이다.,,,,,EOL
Dialogue_0055,,곰 모양의 귀가 달려있다.,,,,,EOL
Dialogue_0056,,취향 한 번 확고하네,,,,,EOL
Dialogue_0057,,곰인형들이 빽빽하게 놓여진 수납장이다.,,,,,EOL
Dialogue_0058,,인형들은 모두 어딘가 서툴게 꿰매지거나 고쳐진 흔적이 있다.,,,,,EOL
Dialogue_0059,,직접 리폼한건가? \n취향 한 번....,,,,,EOL
Dialogue_0060,,침대 위에 놓여진 베개이다.,,,,,EOL
Dialogue_0061,,이불과 마찬가지로 레이스가 많이 달려있다.,,,,,EOL
Dialogue_0062,,응? 뭐가 잡히는 것 같기도 하고...,,,,,EOL
Dialogue_0063,,기분 탓이 아니었다.,,,,,EOL
Dialogue_0064,,베개 안엔 캐릭터 모양의 부적이 들어있다. \n건강이라 써져있는건가?,,,,,EOL
Dialogue_0065,,찝찝하게 베개에 넣어놨네....,,,,,EOL
Dialogue_0066,,이미 조사했어. \n다른 걸 살펴보자.,,,,,EOL
Dialogue_0067,,우연의 일기장이다. \n잠금 장치가 걸려있다.,,,,,EOL
Dialogue_0068,,하트 안에 생일케이크가 들어있는 표지다.,,,,,EOL
Dialogue_0069,,20XX년 11월 1일,,,,,EOL
Dialogue_0070,,내일은 혼자 바다를 보러 간다. ,,,,,EOL
Dialogue_0071,,나랑 같이 보러가자고 약속했으면서….\n나를 사랑한다고 했으면서…. ,,,,,EOL
Dialogue_0072,,거짓말은 싫어.\n그치만 사랑해. 보고 싶어. ,,,,,EOL
Dialogue_0073,,아` 이미 죽었지.,,,,,EOL
Dialogue_0074,,우연의 일기 내용이다.,,,,,EOL
Dialogue_0075,,약때문에 기억이 흐릿하지만 확실히 지금은 10월이다. 달을 착각한 것 같다.,,,,,EOL
Dialogue_0076,,무엇보다....\n나 이전에도 잡혀 온 사람이 있었던 것 같아.,,,,,EOL
Dialogue_0077,,다이어리가 열리지 않는다.,,,,,EOL
Dialogue_0078,,이 비밀번호가 아닌가보다.,,,,,EOL
Dialogue_0079,,곰인형 사이에 시계가 있다.,,,,,EOL
Dialogue_0080,,시계가 멈춰있네` 고장났나?,,,,,EOL
Dialogue_0081,,시계 안에 열쇠가 들어있다.,,,,,EOL
Dialogue_0082,,열쇠는 빼고 시계는 제자리에 냅두자.,,,,,EOL
Dialogue_0083,,우연의 노트북이다. \n비밀번호가 걸려있다.,,,,,EOL
Dialogue_0084,,힌트는 [빨강 민트 보라 보라 핑크]...?,,,,,EOL
Dialogue_0085,,우연의 노트북이다. ,,,,,EOL
Dialogue_0086,,이런저런한 창이 켜져있다,,,,추후 추가,EOL
Dialogue_0087,,노트북이 열리지 않는다.,,,,,EOL
Dialogue_0088,,자퇴서이다.,,,,,EOL
Dialogue_0089,,이름 칸에 우연이라고 적혀있다.,,,,,EOL
Dialogue_0090,,이름이 우연이구나....,,,,,EOL
Dialogue_0091,,카펫이 원래대로 돌아갔다.,,,,,EOL
Dialogue_0092,,베개 안에서 [건강]이라고 적혀있던 [캐릭터 부적]을 발견했다. \n미신에 기댈 정도로 몸이 안좋은건가?,,,,메모,EOL
Dialogue_0093,,내 생일을 비밀번호로 한 [우연의 일기장]이다. \n[날짜를 착각]한 일기엔 나 이전에도 [누군가를 납치]한 내용이 적혀있었다.,,,,메모,EOL
Dialogue_0094,,[6시 30분]으로 맞추니 시계가 열렸다. \n[시계 안]에는 알 수 없는 [열쇠]가 들어있었다.,,,,메모,EOL
Dialogue_0095,,우연의 [노트북]을 열었다. \n그 안에는 이런저런 내용이 있었다.,,,,추후 추가,EOL
Dialogue_0096,,바다가 그려진 포스터다. ,,,,,EOL
Dialogue_0097,,처음에 일어났을 땐 창문인줄 알았어....,,,,,EOL
Dialogue_0098,,[칼]이 있으면 뜯을 수 있을지도.,,,,,EOL
Dialogue_0099,,꾸며져 있는 커터칼이다.,,,,,EOL
Dialogue_0100,,어딘가에 쓸 일이 있을지도 모르니 챙겨두자.,,,,,EOL
Dialogue_0101,,커터칼로 포스터의 밑부분을 살살 긁었다.,,,,,EOL
Dialogue_0102,,포스터의 뒷장에는 연인끼라 가기 좋은 데이트 장소라고 적혀있다.,,,,,EOL
Dialogue_0103,,이런거에 로망이 있나?,,,,,EOL
Dialogue_0104,,다시 원래대로 붙여두자.,,,,,EOL
Dialogue_0105,,창문처럼 보이는 [포스터]를 발견했다. \n뒷장을 살펴보니 [데이트명소를 홍보]하는 홍보 포스터였다.,,,,,EOL
Dialogue_0106,,우연의 옷장이다.,,,,,EOL
Dialogue_0107,,...취향이 역시 확고하단 말이지.,,,,,EOL
Dialogue_0108,,취향이 확고한 우연의 가방이다. \n전단지가 삐져나와있다.,,,,,EOL
Dialogue_0109,,고양이의 티타임...... \n내가 자주 가던 프랜차이즈 카페이다. \n오픈이 [6시 30분]이라 밤샐 때 용이했지.,,,,,EOL
Dialogue_0110,,자물쇠로 잠겨있는 상자이다. \n[열쇠]가 필요해.,,,,,EOL
Dialogue_0111,,내가 자주 가던 프랜차이즈 [카페의 전단지]를 발견했다. \n오픈이 6시라서 홍보를 많이 했던 기억이 있다.\n정작 나는 [6:30]쯤에 자주 방문했던 기억이 있다,,,,,EOL
Dialogue_0112,,상자가 열렸다. \n그 안에서 사진 뭉텅이들이 나왔다.,,,,,EOL
Dialogue_0113,,평소 내가 자주 가던 장소들과 내 사진이다. \n그리고 몇몇 장소는 처음 보는 장소들의 사진들도 있다.,,,,,EOL
Dialogue_0114,,근데 숫자는 왜 적혀있는거지...?,,,,,EOL
Dialogue_0115,,문이 유리로 된 서랍장이다. \n딱히 잠겨있진 않아서 쉽게 문이 열린다.,,,,,EOL
Dialogue_0116,,내 생일이 표시되어 있다.,,,,,EOL
Dialogue_0117,,내 생일을 어떻게 안거지?,,,,,EOL
Dialogue_0118,,또 다른 누군가의 생일이다.,,,,,EOL
Dialogue_0119,,우연의 생일인가?,,,,,EOL
Dialogue_0120,,11월 2일이 가려져 있다.,,,,,EOL
Dialogue_0121,,이유를 모르겠다. ,,,,,EOL
Dialogue_0122,,10월 13일에 성공이라고 쓰여져 있다.,,,,,EOL
Dialogue_0123,,납치를 성공했다는 뜻이겠지.,,,,,EOL
Dialogue_0124,,달력에 내 생일이 기록되어있었다.,,,,,EOL
Dialogue_0125,,우연의 생일은 6월 16일인 것 같다.,,,,,EOL
Dialogue_0126,,11월 2일이 지워져있었다.\n이유는 모르겠다.,,,,,EOL
Dialogue_0127,,10월 13일에 성공이라쓰여져있었다. \n내가 이 날 납치 당한 듯 하다.,,,,,EOL
Dialogue_0128,,{PlayerName}!! 잘 있었어?,,,TRUE,,EOL
Dialogue_0129,,우연이 귀가했다.,,,,,EOL
Dialogue_0130,,아 오늘도 진짜 너무 보고 싶었어.\n나 오늘은 길에 나갔는데 어떤 짜증나게 생긴 사람이 자꾸 나한테 말을 걸던거 있지?,,,,,EOL
Dialogue_0131,,자꾸 따라오던게 얼마나 기분 나빴는지 몰라.,,,,,EOL
Dialogue_0132,,사람들이 너무 싫어 난 평생 필연이랑만 살고 싶다.,,,,,EOL
Dialogue_0133,,밖에 나가기 싫어….,,,,,EOL
Dialogue_0134,,그래도 일이 있는 거 아니야?,,,,,EOL
Dialogue_0135,,뭐…. 하아. 진짜 필연이 없으면 나 죽어버릴지도 몰라.,,,,,EOL
Dialogue_0136,,무슨 그런 말을 해....,,,,,EOL
Dialogue_0137,,그러던가.,,,,,EOL
Dialogue_0138,,장난같아?,,,,,EOL
Dialogue_0139,,….,,,,,EOL
Dialogue_0140,,사랑해. 우리 꼭 영원히 함께하자` \n응? 떠나면 안돼. 알았지?,,,,,EOL
Dialogue_0141,, [난 당부했어\n떠나지 말라고.],,,,,EOL
Dialogue_0142,,{PlayerName}! 나왔어~! ,,,TRUE,,EOL
Dialogue_0143,,역시 밖에 나가는 건 너무 싫어.\n다들 나를 무섭게 바라보고 있는 것만 같아.,,,,,EOL
Dialogue_0144,,오늘도 밖에서 누가 나를 무섭게 쳐다볼까봐 걱정됐어.\n역시 방안에만 있는게 가장 좋은데….,,,,,EOL
Dialogue_0145,,그래도 나가야하는 거 아니야?,,,,,EOL
Dialogue_0146,,고분고분 말 잘 듣는 척을 하며 대답했다.,,,,,EOL
Dialogue_0147,,하….있지 나는 어른이 정말 싫어.\n금방이라도 나에게 큰소리로 화내고 그럴 것 같아…,,,,,EOL
Dialogue_0148,,...갑자기?\n무슨 일이 있었나.....,,,,,EOL
Dialogue_0149,,그러니까 {PlayerName}이(가) 옆에서 꼭 나를 예뻐해줘야해.\n화내면 안돼.\n큰 소리도 안돼.,,,TRUE,,EOL
Dialogue_0150,,....,,,,,EOL
Dialogue_0151,,떠나도 안 돼.\n사랑한다고만 해줘.,,,,,EOL
Dialogue_0152,,….,,,,,EOL
Dialogue_0153,,차마 대답을 할 수 없었다.,,,,,EOL
Dialogue_0154,,사랑해.,,,,,EOL
Dialogue_0155,,일주일간 방을 뒤졌다.\n그 결과 우연이 날 가둔건 계획됐다고 결론 내렸다.,,,,,EOL
Dialogue_0156,,여기서 섣불리 나간다면 분명 다시 잡혀올거야...,,,,,EOL
Dialogue_0157,,우연이 어떤 사람인지 좀 더 확실하게 알아야 할 필요성이 있어....,,,,,EOL
Dialogue_0158,,이번 일주일은 우연을 따라다니며 우연의 생활패턴을 분석해봐야겠다.,,,,,EOL
Dialogue_0159,,내가 갇혀있던 빌라인가...\n원래 살던 곳과 가까운 곳에 있었네.,,,,,EOL
Dialogue_0160,,오히려 너무 평범한 곳이라서 놀랐어.,,,,,EOL
Dialogue_0161,,2층에 있는 빵집이다\n갓 구운 빵 냄새가 난다.,,,,,EOL
Dialogue_0162,,우연이 가끔 사오는 빵이 여기에서 사오는 거였나?,,,,,EOL
Dialogue_0163,,평범한 편의점이다.\n우연이 여기서 도시락을 자주 사왔던 것으로 기억한다,,,,,EOL
Dialogue_0164,,칵테일 바다.\n유흥가인게 티가난다.,,,,,EOL
Dialogue_0165,,지금은 영업시간이 아닌 것 같아,,,,,EOL
Dialogue_0166,,이자카야다.,,,,,EOL
Dialogue_0167,,고양이다.\n밤이 아니어서 그런지 자고 있다.,,,,,EOL
Dialogue_0168,,귀엽네....,,,,,EOL
Dialogue_0169,,고양이의 티타임.\n내가 자주가던 저가형 프랜차이즈 카페이다.,,,,,EOL
Dialogue_0170,,우연이 방금 이 곳에서 커피를 사갔다.,,,,,EOL
Dialogue_0171,,조사할만한게 있나?,,,,,EOL
Dialogue_0172,,내가 자주 가던 카페이다.\n우연도 이 곳을 자주 찾는건가?,,,,,EOL
Dialogue_0173,,내가 자주 가던 카페이다.\n또한 우연의 가방에서 발견한 전단지의 장소이다.\n우연도 이곳을 좋아하나...?,,,,,EOL
Dialogue_0174,,우연이 시킨 영수증이다.\n쓰레기통에 한번에 넣지 못한 듯하다. ,,,,,EOL
Dialogue_0175,,카페라떼....내가 가장 좋아하는 메뉴인데.\n우연도 카페라떼를 좋아하나?,,,,,EOL
Dialogue_0176,,우연이 카페라떼를 결제한 영수증을 발견했다.\n우연도 카페라떼를 좋아하나?,,,,,EOL
Dialogue_0177,,내가 갇힌 곳 앞에 있는 신호등이다.\n그냥 평범해보인다.,,,,,EOL
Dialogue_0178,,근데 우연은 왜 뚫어져라 바라본거지?,,,,,EOL
Dialogue_0179,,우연은 신호가 바뀌고서도 가만히 멈춰서서 [신호등]을 멍하니 바라보았다.\n이유가 있는 걸까?,,,,,EOL
Dialogue_0180,,우연이 마시던 카페라떼다.\n두 모금 정도만 마신 것 같다. ,,,,,EOL
Dialogue_0181,,별로 안좋아하는 것 같은데 왜 이걸 마셨을까?,,,,,EOL
Dialogue_0182,,우연은 카페라떼를 별로 안좋아하는 것 같았다.\n왜 굳이 좋아하지도 않는 카페라떼를 마시는걸까?,,,,,EOL
Dialogue_0183,,잠긴 상자를 열었더니 사진들이 뭉텅이로 나왔다.\n내가 [자주 가는 장소]들과 [가고 싶었던 장소]의 사진들이었다.,,,,,EOL
Dialogue_0184,,내가 좋아하는 스타일의 옷가게다.\n우연이 이곳으로 들어간 것 같다.,,,,,EOL
Dialogue_0185,,우연의 취향은 이런 옷스타일이 아니었던 것 같은데?,,,,,EOL
Dialogue_0186,,우연이 자신의 취향이 아닌 옷가게에 익숙한 듯이 들어갔다.,,,,,EOL
Dialogue_0187,,우연 취향의 옷가게\n2층에 있는 옷가게인데 우연은 믿지 못할 정도로 빨리 나왔다.,,,,,EOL
Dialogue_0188,,많이 산 것 같은데 10분도 안걸렸어....,,,,,EOL
Dialogue_0189,,우연은 자신의 취향의 옷가게에서 10분도 안되어 옷을 잔뜩 사들고 나왔다.\n이게 가능한건가?,,,,,EOL
Dialogue_0190,,그냥 평범한 공사장이다.\n우연이 멈춰서서 한동안 뚫어져라 바라봤다.,,,,,EOL
Dialogue_0191,,봐도 어떤 공사인지 잘 모르겠는데....,,,,,EOL
Dialogue_0192,,우연은 [공사장]을 가만히 서서 뚫어져라 바라봤다.,,,,,EOL
Dialogue_0193,,오므라이스 전문점이다.\n맛있는 냄새가 여기까지 난다.,,,,,EOL
Dialogue_0194,,칵테일 바다.\n아직 영업시간이 아닌 듯하다.,,,,,EOL
Dialogue_0195,,여러 화장품 브랜드를 다루는 화장품 가게다.\n세일중인가?,,,,,EOL
Dialogue_0196,,뮤직바다.\n아직 영업을 하고 있지 않은 것 같다.,,,,,EOL
Dialogue_0197,,클럽이다.\n아직 영업 전이라 그런지 시끄럽진 않다.,,,,,EOL
Dialogue_0198,,맥주 전문점이다.\n아직 영업을 안하는 것 같다.,,,,,EOL
Dialogue_0199,,먼저 방을 둘러볼까?,,,,,EOL
Dialogue_0200,,[화살표를 누르면 시점을 이동]할 수 있다.,,,,,EOL
Dialogue_0201,,방을 가볍게 둘러봤다.\n방을 둘러보다보니 카펫에 발이 걸리는 기분이 들었다.\n처음 시점으로 돌아가서 카펫을 한 번 들춰보자,,,,,EOL
Dialogue_0202,,의자가 카펫 위에 있었잖아.\n우선 옆으로 [의자를 밀고\n그 다음 카펫을 조사]해보자.,,,,,EOL
Dialogue_0203,,카펫에 아래엔 종이가 있다.,,,,,EOL
Dialogue_0204,,[종이를 조사]하자.,,,,,EOL
Dialogue_0205,,납치범은 주말엔 집에서 나가지 않는다.,,,,,EOL
Dialogue_0206,,카펫을 들추고 종이를 조사하니 몸이 조금씩 피로해지는 것 같아.,,,,,EOL
Dialogue_0207,,조사할 때 마다 피로도가 감소한다.\n자신의 피로도를 신경쓰며 활동하자.,,,,,EOL
Dialogue_0208,,[피로도를 고려하여 방을 조사하자.],,,,,EOL
Dialogue_0209,,아직 뜯지 않은 듯한 쇼핑백이 무더기로 있다.,,,,,EOL
Dialogue_0210,,옷사는 걸 좋아하는 건가?,,,,,EOL
Dialogue_0211,,평범한 포스터들이다.\n방을 꾸미기 위해서 산 것 같다.,,,,,EOL
Dialogue_0212,,방이랑 잘 어울린다고 해야하나....,,,,,EOL
Dialogue_0213,,수납장 안에도 곰인형이 가득하다.\n전부 어딘가 리폼한듯한 흔적들이 있다.,,,,,EOL
Dialogue_0214,,이건 모으는 것도 일이겠어.,,,,,EOL
Dialogue_0215,,저 사람은 뭐야!\n사람을 쳐두고 사과도 안하네?!,,,,,EOL
Dialogue_0216,,이래서 요즘 어린 것들은!,,,,,EOL
Dialogue_0217,,우연은 사람이 앞에 있는데도 무시하고 사람의 어깨를 쳤다.,,,,,EOL
Dialogue_0218,,잠시 비웃는 표정이었던 것 같은데....,,,,,EOL
Dialogue_0219,,우연은 길의 행인을 보고도 피하지 않고 어깨를 쳤다.\n그러고는 비웃는 것 같은 얼굴로 행인을 바라봤다.,,,,,EOL
Dialogue_0220,,중심을 잃고 쓰러진 개업축하 화환이다.\n우연은 화환이 쓰러지기 전에 피해서 다치진 않았다.,,,,,EOL
Dialogue_0221,,우연은 분명 화환쪽으로 시선도 돌리지 않았어...,,,,,EOL
Dialogue_0222,,우연은 화환이 [쓰러지기 전에] 화환을 보지도 않고 [피했다.],,,,,EOL
Dialogue_0223,,우연은 정말 주말동안 한시도 내 곁에서 떨어지지 않았다.,,,,,EOL
Dialogue_0224,,우연은 내가 말을 잘 따를 때마다 기쁘다는 듯이 반응했다.\n덕분에 나에 대한 감시 역시 조금 느슨해진 것 같다.,,,,미행시작,EOL
Dialogue_0225,,지금이라면 외출을 해볼 수 있을 것이다.,,,,,EOL
Dialogue_0226,,실수로 떨어뜨린 여분용 열쇠도 챙겼고....,,,,,EOL
Dialogue_0227,,응? {PlayerName} 방금 뭐라고 그랬어?,,,TRUE,,EOL
Dialogue_0228,,아니야.,,,,,EOL
Dialogue_0229,,우연은 오랫동안 나를 감시해온게 분명하다.\n섣불리 탈출을 시도했다가 또 다시 감금 될 수 있다.,,,,미행부분,EOL
Dialogue_0230,,[우선 우연을 따라다니며 우연의 생활 반경을 조사하는게 먼저야.],,,,,EOL
Dialogue_0231,,그럼 나 나갔다 올게~!\n오늘도 나가지 말고 방에 잘 있어야 해. 사랑해 {PlayerName}!,,,TRUE,,EOL
Dialogue_0232,,우연이 나가고 조금 기다린 후에 따라 나왔다.,,,,,EOL
Dialogue_0233,,생각보다 내가 살던 곳이랑 가깝잖아....,,,,,EOL
Dialogue_0234,,[갇혔던 빌라]를 한 번 클릭해보자,,,,,EOL
Dialogue_0235,,! 감탄하고 있을때가 아니야. 이러고 있다간 우연을 놓치겠어.,,,,,EOL
Dialogue_0236,,나도 빨리 따라가야지.,,,,,EOL
Dialogue_0237,,[재생 버튼을 눌러서 앞으로 갈 수 있다.\n재생 버튼을 한번 더 누르면 멈출 수 있다.],,,,,EOL
Dialogue_0238,,이런 식으로 우연과 거리를 유지하며 조사하면 될 듯 하다. ,,,,,EOL
Dialogue_0239,,하지만 너무 많이 조사하면 우연에게 들킬 수 있다.,,,,,EOL
Dialogue_0240,,들키지 않게 [신중하게] 조사하자.,,,,,EOL
Dialogue_0241,,[조사하다 보면 우연이 의심하고 그에 따른 피해를 입을 수 있다.],,,,,EOL
Dialogue_0242,,휴식을 취하시겠습니까?,,,,,EOL
Dialogue_0243,,예,,,,,EOL
Dialogue_0244,,아니오,,,,,EOL
Dialogue_0245,,쉬고 났더니 하루가 다 지나있었다.,,,,,EOL
Dialogue_0246,,그래도 푹 쉬니 편하긴 하네.,,,,,EOL
Dialogue_0247,,조사하면 시간이 흐른다. 그래도 조사해볼까?,,,,,EOL
Dialogue_0248,,슬슬 돌아갈 시간 같은데...,,,,,EOL
Dialogue_0249,,{PlayerName}....보고 싶다....,,,TRUE,,EOL
Dialogue_0250,,{PlayerName}도 나만 생각하며 기다리고 있겠지?,,,TRUE,,EOL
Dialogue_0251,,슬슬 돌아가야겠어! ,,,,,EOL
Dialogue_0252,,[방을 둘러보자],,,,,EOL
Dialogue_0253,,[의자를 밀어보자],,,,,EOL
Dialogue_0254,,[카펫을 들어보자],,,,,EOL
Dialogue_0255,,[종이를 조사하자],,,,,EOL
Dialogue_0256,,카펫은 다시 덮어두는 쪽이 좋겠지.,,,,,EOL
Dialogue_0257,,[카펫을 덮어두자.],,,,,EOL
Dialogue_0258,,[카펫을 덮자.],,,,,EOL
Dialogue_0259,,내 생일 말고도 다른 표시가 [하나 더] 되어있는 것 같은데...?,,,,,EOL
Dialogue_0260,,{PlayerName}? 왜 여기 있어?,,,TRUE,,EOL
Dialogue_0261,,어...,,,,,EOL
Dialogue_0262,,난 {PlayerName}을(를) 믿고...두고 간건데....설마 도망치려한건 아니지?,,,TRUE,,EOL
Dialogue_0263,,열쇠는 고의로 두고간거구나.\n내가 섣불렀어.,,,,,EOL
Dialogue_0264,,답답해서...,,,,,EOL
Dialogue_0265,,네가 보고 싶어서.,,,,,EOL
Dialogue_0266,,내가분명방에있으라고그랬잖아.\n나두고없어지면죽어버린다고그랬잖아,,,AUTO/FAST/RED,,EOL
Dialogue_0267,,내가죽었으면좋겠어서그렇게한거야?\n아니다내가없으니까내가너무보고싶었구나?,,,AUTO/FAST/RED,,EOL
Dialogue_0268,,그치?응{PlayerName}이(가)날배신할일없어\n근데정말왜나온거야?,,,TRUE/AUTO/FAST/RED,,EOL
Dialogue_0269,,내가 무슨 말을 해도 통하는 상태가 아닌 것 같다.,,,,,EOL
Dialogue_0270,,아`그래.{PlayerName}은(는)날너무너무좋아하니까나온거야\n그래서날못보면안되니까그런거야.,,,TRUE/AUTO/FAST/RED,,EOL
Dialogue_0271,,분명전에도내가걱정된다고말해줬으니까\n날생각해서그런거야,,,AUTO/FAST/RED,,EOL
Dialogue_0272,,맞아나도항상{PlayerName}을(를)생각하고걱정하고있으니까.,,,TRUE/AUTO/FAST/RED,,EOL
Dialogue_0273,,우리 같이 돌아가자!,,,,,EOL
Dialogue_0274,,갑자기 우연이 평소대로 돌아왔다.,,,,,EOL
Dialogue_0275,,지금 함께 돌아가야하나,,,,,EOL
Dialogue_0276,,응` 돌아가자,,,,,EOL
Dialogue_0277,,...,,,,,EOL
Dialogue_0278,,내가보고싶었다고?\n정말이야?{PlayerName}은(는)날정말좋아하는구나\n설마나한테거짓말을치진않았겠지,,,TRUE/AUTO/FAST/RED,,EOL
Dialogue_0279,,근데왜내말을안들어주는거야?\n날사랑하지않는건가?\n난항상열심히{PlayerName}을(를)대했는데,,,AUTO/FAST/RED/TRUE,,EOL
Dialogue_0280,,분명{PlayerName}이(가)나오면나죽을지도모른다고했잖아.\n내말은기억도안해주는거야?\n역시내가죽었으면좋겠다고생각했구나,,,TRUE/AUTO/FAST/RED,,EOL
Dialogue_0281,,응!,,,,,EOL
Dialogue_0282,,우연이 팔을 잡아 이끈다.\n우연에 맞춰 무거운 발걸음을 옮겼다.,,,,,EOL
Dialogue_0283,,왜 대답 안 해?,,,,,EOL
Dialogue_0284,,우연이 팔을 잡았다.,,,,,EOL
Dialogue_0285,,아니면 진짜 내가 죽었으면 좋겠어? ,,,,,EOL
Dialogue_0286,,잠시 떨리는 손으로 뭔가를 찾는듯했다.,,,,,EOL
Dialogue_0287,,냅두면 큰 일이 날 것 같았다.,,,,,EOL
Dialogue_0288,,돌아가자.,,,,,EOL
Dialogue_0289,,응! 돌아가자!,,,,,EOL
Dialogue_0290,,언제 손을 떨었냐는듯 금방 원래대로 돌아왔다.,,,,,EOL
Dialogue_0291,,우연이 팔을 잡아 이끈다.\n우연에 맞춰 무거운 발걸음을 옮겼다.,,,,,EOL
Dialogue_0292,,한 번 조사했던 것이다. 다시 조사해볼까?,,,,,EOL
Dialogue_0293,,술과 감기약이 함께 놓여있다.\n감기 기운은 없어보였는데` 감기약이 많이 줄어있었다.\n자주 이렇게 마시던걸까?,,,,,EOL
Dialogue_0294,,침대다. 조사를 할까?\n아님 휴식을 해볼까?,,,,,EOL
Dialogue_0295,,조사한다,,,,,EOL
Dialogue_0296,,휴식한다,,,,,EOL
Dialogue_0297,,카펫을 들추니 자퇴서를 발견했다.\n자퇴서엔 날 가둔 사람의 모습과 이름이 써있었다.\n납치범의 이름은 [우연]이었다,,,,,EOL
Dialogue_0298,,아` 까먹기 전에 [중요해보이는 단서는 메모]에 적어놔야겠어.,,,,,EOL
Dialogue_0299,,조사한 [단서에 대해 궁금해지면 메모]를 살펴보자.,,,,,EOL
Dialogue_0300,,기존에 플레이했던 데이터가 있습니다.\n처음부터를 실행하면 [세이브 파일이 영구적으로 소실]됩니다.\n처음부터 실행하시겠습니까? ,,,,,EOL
Dialogue_0301,,처음부터 실행하시겠습니까? ,,,,,EOL
Dialogue_0302,,정말 [처음부터] 실행하시겠습니까? ,,,,,EOL
Dialogue_0303,,내가 갇힌 빌라다.\n밤이라그런지 어두워보인다.,,,,,EOL
Dialogue_0304,,이런 밤에 나올 이유가 있나?,,,,,EOL
Dialogue_0305,,칵테일 바다.\n밤이라 그런지 전과 달리 영업중이다.,,,,,EOL
Dialogue_0306,,시끄럽네,,,,,EOL
Dialogue_0307,,2층에 있는 빵집이다\n마감 준비를 하고 있는 것 같다.,,,,,EOL
Dialogue_0308,,정신없어 보이네.,,,,,EOL
Dialogue_0309,,맥주 전문점이다.\n사람들이 북적인다.,,,,,EOL
Dialogue_0310,,시끄러운 소리가 여기까지 들려.,,,,,EOL
Dialogue_0311,,이자카야다.\n꼬치냄새때문에 조금 배고파졌다.,,,,,EOL
Dialogue_0312,,맛있겠네....,,,,,EOL
Dialogue_0313,,고양이의 티타임.\n아직도 영업중이다.,,,,,EOL
Dialogue_0314,,밤을 새야할 일이 있을때 진짜 좋았던 카페야.,,,,,EOL
Dialogue_0315,,캐주얼한 스타일의 옷가게다. ,,,,,EOL
Dialogue_0316,,늦은 시간까지 영업중이네....,,,,,EOL
Dialogue_0317,,우연의 취향과 비슷해보이는 옷가게다.\n마감중인 것 같다.,,,,,EOL
Dialogue_0318,,술집이다.\n방금 영업을 시작했는지 바빠보인다,,,,,EOL
Dialogue_0319,,칵테일바다.\n커플들이 자주 찾는 곳 같다.,,,,,EOL
Dialogue_0320,,우연이 자리에 멈춰서 한동안 바라봤다.,,,,,EOL
Dialogue_0321,,오므라이스 전문점이다.\n아직 마감준비를 안하는 것으로 봐선 늦게까지 영업하나보다.,,,,,EOL
Dialogue_0322,,와인도 판매하는건가?,,,,,EOL
Dialogue_0323,,뮤직바다.\n옛날 영화 속 노래가 작게 여기까지 들린다.,,,,,EOL
Dialogue_0324,,여름에 잘 어울리는 곡이라고 생각했는데\n밤에 들으니 꽤 잘어울리는 것 같기도 하고....,,,,,EOL
Dialogue_0325,,여러 화장품 브랜드를 다루는 화장품 가게다.\n저번에도 세일중이었던 것 같은데...,,,,,EOL
Dialogue_0326,,밤인데도 사람이 많아.,,,,,EOL
Dialogue_0327,,생맥주 전문점이다.\n여기도 사람이 엄청 많다.,,,,,EOL
Dialogue_0328,,시끄러워....,,,,,EOL
Dialogue_0329,,클럽이다.\n영업을 시작해서 그런지 귀가 아플 정도로 음악 소리가 울린다.,,,,,EOL
Dialogue_0330,,이런 곳을 왜 가는거지?\n우연도 이런 곳을 좋아하나?,,,,,EOL
Dialogue_0331,,신호등의 불이 잘 안들어오고 있다.\n우연은 신호등을 보더니` 잠시 멈춰 한숨을 쉬다가 화가 난 표정으로 손톱을 뜯었다.,,,,,EOL
Dialogue_0332,,저렇게 화낼만한 일은 아닌 것 같은데...,,,,,EOL
Dialogue_0333,,새로...아.,,,,,EOL
Dialogue_0334,,횡단보도 앞에서 호객행위를 하고 있다.\n우연에게 다가가려한 것 같은데 우연이 보지도 않고 빠르게 지나갔다.,,,,,EOL
Dialogue_0335,,저번에도 느꼈지만 눈치가 엄청 빠른 것 같단 말이지...\n자주 겪은 일이라 익숙한건가?,,,,,EOL
Dialogue_0336,,새로 오픈했어요.\n첫방문은 체키 무료니까 놀러와요~,,,,,EOL
Dialogue_0337,,아...네....,,,,,EOL
Dialogue_0338,,24시간 운영중인 편의점이다.\n우연이 저기서 또 술을 산 것 같다.,,,,,EOL
Dialogue_0339,,점원이 상당히 익숙한 듯 결제해줬다.\n어쩐지 집에 점점 쓰레기가 쌓인다 싶더니 자주 들리나보다.,,,,,EOL
Dialogue_0340,,다른 것도 꽤 산 것 같은데...,,,,,EOL
Dialogue_0341,,저기 같이 택톡 찍을래?,,,,,EOL
Dialogue_0342,,SNS같은거 해? 연결하자.,,,,,EOL
Dialogue_0343,,우연과 비슷한 옷차림을 한 가출청소년들이다.\n우연에게 다가가 말을 건 것 같았다. ,,,,,EOL
Dialogue_0344,,우연도 무슨 얘기를 한 것 같은데…,,,,,EOL
Dialogue_0345,,방금 돌아갈 곳이 있다면 빨리 돌아가라 그랬지?,,,,,EOL
Dialogue_0346,,좋은 사람 같았어.\n뭐 돌아갈 곳은 없지만…,,,,,EOL
Dialogue_0347,,편의점에서 방금 산듯한 삼각김밥을 손에 들고 바라보며 얘기하고 있다.,,,,,EOL
Dialogue_0348,,내 스타일의 옷가게다.\n우연이 방금 들어갔다가 나왔다.,,,,,EOL
Dialogue_0349,,우연의 스타일이 아닌데?,,,,,EOL
Dialogue_0350,,방에도 내 사이즈의 저 브랜드 옷들이 많았지.,,,,,EOL
Dialogue_0351,,아마....,,,,,EOL
Dialogue_0352,,응급실이 있는 대형 병원이다.\n전에 봤을땐 공사터였는데 완공됐나보다.,,,,,EOL
Dialogue_0353,,우연의 방에서 병원의 개업 전단지를 봤었지.,,,,전단지 이벤트 클리어시 추가 스크립트,EOL
Dialogue_0354,,우연이 병원 앞에서 병원을 꼼꼼히 살펴보았다.,,,,,EOL
Dialogue_0355,,병원에 일이라도 있나?,,,,,EOL
Dialogue_0356,,약은 여기서 처방받은건 아닌 것 같았는데.,,,,약 이벤트 클리어시 추가 스크립트,EOL
Dialogue_0357,,하아` 저런 가출하는 애들이 점점 늘어나서 골치 아파 정말,,,,,EOL
Dialogue_0358,,유흥가라 그런지 경찰이 있다.\n경찰은 지나가는 우연을 흘겨보듯 바라봤다.,,,,,EOL
Dialogue_0359,,그러곤 한숨을 내쉬며 신세를 한탄했다.,,,,,EOL
Dialogue_0360,,우연이 저 사람 앞에서 심하게 긴장한 것 같은데...,,,,,EOL
Dialogue_0361,,윽` 길거리에서 담배피는 사람들이다.\n담배냄새 진짜 싫어.,,,,,EOL
Dialogue_0362,,우연도 흠칫 놀란 듯 잠시 그 자리에 멈춰있었다.,,,,,EOL
Dialogue_0363,,정확힌 담배에 불을 붙일 때 놀랐던 것 같아.,,,,,EOL
Dialogue_0364,,클럽 앞 사람들이다.\n저런 사람들을 가드라고 했었나.,,,,,EOL
Dialogue_0365,,다들 우연보다 덩치가 엄청나게 크다.,,,,,EOL
Dialogue_0366,,우연이 조금 떠는 것 같아.,,,,,EOL
Dialogue_0367,,우연이 준 건가...?,,,,,EOL
Dialogue_0368,,다녀올게! 어제 약속한 거 잊지마.,,,,,EOL
Dialogue_0369,,우연이 나갔다.\n어제 [5번] 정도 물건을 조사하니 우연이 돌아왔다.,,,,추가,EOL
Dialogue_0370,,아마 이번에도 비슷하겠지.\n무리하지 말고 [우연의 귀가 전까지만 조사]를 해야겠다.,,,,추가,EOL
Dialogue_0371,,어때? 맛있어?,,,,,EOL
Dialogue_0372,,우연은 평소처럼 나한테 음식을 먹였다.,,,,,EOL
Dialogue_0373,,주말동안은 하루 종일 내 옆에서 SNS만 했기에 방 조사를 할 수 없었다.,,,,,EOL
Dialogue_0374,,음...하아 역시 나가기 싫다.,,,,,EOL
Dialogue_0375,,나가?,,,,,EOL
Dialogue_0376,,응?\n아....오늘은 조금 오래 나가있을 것 같아.,,,,,EOL
Dialogue_0377,,우연의 표정이 어두워졌다.\n나한테 뭐가 있다고 저렇게 불안해하는건지도 모르곘다.,,,,,EOL
Dialogue_0378,,스토커 납치범 주제에 꼭 잃으면 안될 것 처럼 군다.,,,,,EOL
Dialogue_0379,,알 수 없는게 너무 많고 아직도 혼란스럽다.,,,,,EOL
Dialogue_0380,,내가 너무너무 보고 싶어도 참고 기다리고 있어.,,,,,EOL
Dialogue_0381,,잠깐...잠깐 확인만 하고 오는거니까.…,,,,,EOL
Dialogue_0382,,응….,,,,,EOL
Dialogue_0383,,다녀올게!,,,,,EOL
Dialogue_0384,,대답만 하면 바로 표정이 바뀐다.\n해맑게 웃긴하지만,,,,,EOL
Dialogue_0385,,철컥\n또 방문을 닫고 나간다.,,,,,EOL
Dialogue_0386,,우연이 방을 나가자 몰래 베개 안에 넣어둔 열쇠를 꺼냈다.,,,,,EOL
Dialogue_0387,,며칠 전에 외출하다가 잃어버렸다고 생각하던 그 열쇠다.,,,,,EOL
Dialogue_0388,,아마 이 방문을 열 수 있을 것이다.,,,,,EOL
Dialogue_0389,,그리고 우연은 오늘 길게 외출한다고 했다.,,,,,EOL
Dialogue_0390,,지금이 기회인걸까?,,,,,EOL
Dialogue_0391,,나는...이 방을 나가야 할까?,,,,,EOL
Dialogue_0392,,도망간다.,,,END,,EOL
Dialogue_0393,,???????????,,,LOCK,,EOL
Dialogue_0394,,내가 할 수 있는 선택은 아무리 생각해도 도망밖에 없다.,,,,,EOL
Dialogue_0395,,꿈을 잘 믿는 편은 아니지만 아무래도 느낌이 좋지 않다.,,,,,EOL
Dialogue_0396,,우연과 이 이상 함께하는 것은 나만 더 위험해질 뿐이야.,,,,,EOL
Dialogue_0397,,밖으로 나왔다.\n주변은 생각보다 평범했다.,,,,,EOL
Dialogue_0398,,심지어 내가 살던 곳과 그리 멀지 않은 곳이야.,,,,,EOL
Dialogue_0399,,우연은 안보이는 것 같다. ,,,,,EOL
Dialogue_0400,,어서 내 집으로 돌아가야지.\n그리고 다신 이런 일을 겪지 않도록 주의해야겠어.,,,,,EOL
Dialogue_0401,,경찰에 신고하고 또....,,,,,EOL
Dialogue_0402,,{PlayerName}!!!!!!!!!,,,TRUE/AUTO/RED,,EOL
Dialogue_0403,,횡단 보도를 건널때였다.\n누군가 나를 부르는 소리와 함께 순식간에 눈에 담긴 풍경이 변했다. ,,,,,EOL
Dialogue_0404,,무슨 일이 일어난거지....,,,,,EOL
Dialogue_0405,,놀란 인파 사이에서 한 사람이 달려온다.,,,,,EOL
Dialogue_0406,,흐릿한 시야로 어느새 익숙해진 형체가 들어온다.,,,,,EOL
Dialogue_0407,,우연은 나를 끌어안으며 뭐라고 하는 것 같았다.,,,,,EOL
Dialogue_0408,,왜...왜...왜 벌써.....\n뭐가 잘못된거지...?\n아직 병원이....,,,,,EOL
Dialogue_0409,,이번엔 분명 전부 잘 해냈는데....,,,,,EOL
Dialogue_0410,,아.\n꿈이야.\n사실일리가 없어....,,,,,EOL
Dialogue_0411,,그렇지 않고서야 지금까지 이런 일은....,,,,,EOL
Dialogue_0412,,뭐라고 말하는건지 잘 모르겠다.,,,,,EOL
Dialogue_0413,,난 어떻게 했어야 했지?,,,,,EOL
Dialogue_0414,,몸에 감각이 없다,,,,,EOL
Dialogue_0415,,의식도 흐려진다.,,,,,EOL
Dialogue_0416,,모르겠다.,,,,,EOL
Dialogue_0417,,- [필연] 엔딩 - ,,,CENTER,엔딩,EOL
Dialogue_0418,,조건 미충족으로 인해 선택 불가.,,,,,EOL
Dialogue_0419,,제발 멈춰봐!!,,,,,EOL
Dialogue_0420,,정신을 차리면 달리고 있다.\n멈추면 안될 것 같다.,,,,,EOL
Dialogue_0421,,나는 도망쳐야 한다,,,,,EOL
Dialogue_0422,,숨이 턱끝까지 찼다.\n하지만 여기서 절대 줄 순 없다.,,,,,EOL
Dialogue_0423,,멈추는 순간 죽을 거라고 본능적으로 느껴진다.,,,,,EOL
Dialogue_0424,,계속해서 도망쳐야한다.,,,,,EOL
Dialogue_0425,,...다리가 멈췄다.,,,,,EOL
Dialogue_0426,,결국 이렇게 된다. ,,,,,EOL
Dialogue_0427,,그러게 날 떠나지 말라고 했잖아.,,,,,EOL
Dialogue_0428,,왜 이렇게 내 말을 안듣는거야?,,,,,EOL
Dialogue_0429,,너가 내 말만 들었으면 이렇게 될 일은 없었어!!!,,,,,EOL
Dialogue_0430,,과연 그랬을까?\n머리가 울린다.,,,,,EOL
Dialogue_0431,,전부 네 잘못이야.,,,,,EOL
Dialogue_0432,,의식이 흐려진다.,,,,,EOL
Dialogue_0433,,난 뭘 어떻게 해야했던걸까.,,,,,EOL
Dialogue_0434,,온몸에서 피가 빠져나가는게 느껴진다.,,,,,EOL
Dialogue_0435,,내 앞에 있는 형체 또한 내 피를 뒤집어 쓰고 있다.,,,,,EOL
Dialogue_0436,,의식이 점점 흐려진다.,,,,,EOL
Dialogue_0437,,날 떠나지 말라고 했잖아.,,,,,EOL
Dialogue_0438,,결국 나는….너를…,,,,,EOL
Dialogue_0439,,힘이 빠지고 차가워진다.,,,,,EOL
Dialogue_0440,,소리가 멀어진다.,,,,,EOL
Dialogue_0441,,허억…!,,,,,EOL
Dialogue_0442,,틈만 나면 이 꿈이다.,,,,,EOL
Dialogue_0443,,누군가 날 죽이러 오는 꿈.\n악몽에서 깨고나니 온몸이 땀에 젖어있었다.,,,,,EOL
Dialogue_0444,,단지 꿈이었을 뿐인데 힘이 다 빠지는 기분이다.,,,,,EOL
Dialogue_0445,,그럼! 혹시 이름은 잘 기억하고 있어?,,,,,EOL
Dialogue_0446,,내 이름...,,,,,EOL
Dialogue_0447,,기억을 가다듬으며 이름을 떠올렸다.,,,,,EOL
Dialogue_0448,,내 이름은....,,,,,EOL
Dialogue_0449,,{PlayerName}....,,,TRUE,,EOL
Dialogue_0450,,휴...다행이다....!,,,,,EOL
Dialogue_0451,,생일...?,,,,,EOL
Dialogue_0452,,이때였지 분명...,,,,,EOL
Dialogue_0453,,맞아! 정말 다행이야!,,,,,EOL
Dialogue_0454,,그러면서 막 일어난 나에게 포옹했다.,,,,,EOL
Dialogue_0455,,누가보면 구구절절한 연인 사이처럼 보일 법한 짓이었다.,,,,,EOL
Dialogue_0456,,난...이 사람을 처음보는데....,,,,,EOL
Dialogue_0457,,아! 갑자기 머리가 아프다.,,,,,EOL
Dialogue_0458,,[도망쳐야해...],,,,,EOL
Dialogue_0459,,방금...뭔가...,,,,,EOL
Dialogue_0460,,그러면 생일은?,,,,,EOL
Dialogue_0461,,괜찮아?,,,,,EOL
Dialogue_0462,,아마....,,,,,EOL
Dialogue_0463,,잠깐 머리가 깨질 듯 아프더니 금방 괜찮아졌다.,,,,,EOL
Dialogue_0464,,그나저나 분명 도망치라고 한 것 같은데...,,,,,EOL
Dialogue_0465,,머리맡에 놓인 곰인형들이다.,,,,,EOL
Dialogue_0466,,딱히 추가되거나 빠진 곰인형은 없어보인다.,,,,,EOL
Dialogue_0467,,흠...한마리가 유독 해진 것 같기도 하고....,,,,,EOL
Dialogue_0468,,책상 위에 있는 스탠드 조명이다.,,,,,EOL
Dialogue_0469,,곰돌이 귀가 달려있다,,,,,EOL
Dialogue_0470,,방이 어두워지니까 괜히 스탠드 하나가 소중하게 느껴지네...,,,,,EOL
Dialogue_0471,,책상 상태를 보니 딱히 더 건들진 말자....,,,,,EOL
Dialogue_0472,,책들이 마구 어지럽혀져 있다.,,,,,EOL
Dialogue_0473,,원래는 책상이 이렇게 더럽진 않았다.,,,,,EOL
Dialogue_0474,,자주 읽거나 중요해보이는 책은 없는 것 같다.,,,,,EOL
Dialogue_0475,,무언가를 찾기 위해 뒤적거린 것 같기도 하고....\n혹시 떨어뜨린게 있나?,,,,,EOL
Dialogue_0476,,그리고...책 밑엔 또 뭔가 깔려있나?,,,,,EOL
Dialogue_0477,,책상 밑에 떨어진 책이다.,,,,,EOL
Dialogue_0478,,이 책은 별로 중요해보이진 않는다.,,,,,EOL
Dialogue_0479,,또 다른 책은 없나...,,,,,EOL
Dialogue_0480,,선반 위 책들이 마구 흐트러져 있다.,,,,,EOL
Dialogue_0481,,원래는 가지런히 놓여있었는데...,,,,,EOL
Dialogue_0482,,다이어리는 제대로 꽃혀있는 듯 하다.,,,,,EOL
Dialogue_0483,,다이어리는 나름 자주 쓰는건가?,,,,,EOL
Dialogue_0484,,선반 위 곰인형들이 흐트러져 있다.,,,,,EOL
Dialogue_0485,,딱히 뭐가 있어보이진 않는다.,,,,,EOL
Dialogue_0486,,다른 곳을 둘러볼까...,,,,,EOL
Dialogue_0487,,고장난 시계가 깨져있다.\n깨져있다는 것  빼고는 특이점이 없다.,,,,,EOL
Dialogue_0488,,아` 새벽쯤에 뭔가 던지는 소리가 났는데 시계였나?,,,,,EOL
Dialogue_0489,,다칠 수도 있으니 굳이 더 조사하진 말자.,,,,,EOL
Dialogue_0490,,평범한 포스터들이다.\n하나하나 늘더니 어느덧 이만큼 늘어났다.,,,,,EOL
Dialogue_0491,,좋아하는 캐릭터들인가?,,,,,EOL
Dialogue_0492,,중간 중간 스티커 같은 것들을 붙여둔 것 같기도 하다.,,,,,EOL
Dialogue_0493,,원 안에 별...,,,,,EOL
Dialogue_0494,,옷장 위에 상자가 뒤집혀있다.,,,,,EOL
Dialogue_0495,,꺼내려하다가 뒤집힌건가?,,,,,EOL
Dialogue_0496,,어차피 손도 잘 닫지 않고 필요한 정보도 없어보인다.,,,,,EOL
Dialogue_0497,,다른 걸 조사해볼까...,,,,,EOL
Dialogue_0498,,옷장 밑에 사진이 널부러져 있다.,,,,,EOL
Dialogue_0499,,아까 상자에서 쏟아져서 나온건가?,,,,,EOL
Dialogue_0500,,사진들에 마구 낙서가 되어있어서 내용을 파악하기 어렵다.,,,,,EOL
Dialogue_0501,,주변에 조사할 다른 건 더 없을까?,,,,,EOL
Dialogue_0502,,우연이 뒤를 돌 때 나를 봤던 기분이다.,,,,,EOL
Dialogue_0503,,이대로 미행이 들키는 건가?,,,,,EOL
Dialogue_0504,,지금 미행이 들키면 어떻게 되는거지?,,,,,EOL
Dialogue_0505,,나는 다시 돌아가서 그 방에 갇히는 걸까?,,,,,EOL
Dialogue_0506,,다음엔 언제 다시 나올 수 있을지 모르겠는데...,,,,,EOL
Dialogue_0507,,역시 뒤를 따라가며 기회를 노릴게 아니었던 건가??,,,,,EOL
Dialogue_0508,,짧은 시간에 많은 생각들이 혼란스럽게 뇌를 채웠다.,,,,,EOL
Dialogue_0509,,그렇게 무작정 달리다보니 내가 나왔던 우연의 방 문 앞이었다.,,,,,EOL
Dialogue_0510,,지금 내 손에는 손잡이가 잡혀있다.,,,,,EOL
Dialogue_0511,,아직 우연에 대해 모르는게 많은데 방에 돌아가서 한 번 더 대화를 해볼까? 아니면 그냥 떠날까?,,,,,EOL
Dialogue_0512,,떠난다.,,,END,,EOL
Dialogue_0513,,남는다.,,,END,,EOL
Dialogue_0514,,나는 아직도 우연이라는 애가 어떤 아이인지 잘 모르겠다,,,,,EOL
Dialogue_0515,,하지만 굳이 더 알아가고 싶다는 생각은 들지 않는다.,,,,,EOL
Dialogue_0516,,이 방에 남아있고 싶지는...절대 않지.,,,,,EOL
Dialogue_0517,,[방을 떠나자.]\n그게 내가 내린 결론이었다.,,,,,EOL
Dialogue_0518,,답답한 생각도 잠시 우선은 달리는 게 우선이라는 생각에 주변 시선도 신경쓰지 않고 달렸다.,,,,,EOL
Dialogue_0519,,하아....\n내가 왜 여기에...,,,,,EOL
Dialogue_0520,,침대 밑에 병원의 전단지가 늘어져 있다.,,,,,EOL
Dialogue_0521,,새로 개업한 병원인 것 같다.\n응급실 부분에 동그라미가 쳐져있다.,,,,,EOL
Dialogue_0522,,24시간 응급실?\n꽤 대형 병원이 들어왔네...,,,,,EOL
Dialogue_0523,,근데 굳이 따로 전단지를 가지고 올 필요가 있나....\n응급실이 중요한 이유라도 있나?,,,,,EOL
Dialogue_0524,,바다가 그려진 포스터가 마구 찢겨져 있다.\n요즘 우연의 감정 상태가 영 좋지 않다 싶었더니 포스터도 찢었나보다,,,,,EOL
Dialogue_0525,,이 정도면 버릴 법도 한데....\n소중한 포스터인가?\n하지만 소중하면 굳이 찢을 이유는....,,,,,EOL
Dialogue_0526,,포스터가 찢긴 부분에는 세 종류의 스티커들이 덕지덕지 붙어있다.,,,,,EOL
Dialogue_0527,,각각 몇 개인지 기억해두는게 좋을 것 같다.,,,,,EOL
Dialogue_0528,,유독 뜯겨진 것처럼 보이는 곰인형이다. ,,,,,EOL
Dialogue_0529,,안에 뭔가 잡히는 기분이 든다.,,,,,EOL
Dialogue_0530,,인형을 다시 꿰맬 수 있는 바늘과 실이 있다면 한번쯤 뜯어봐도 좋을 것 같다.,,,,,EOL
Dialogue_0531,,어디에 반짇고리 같은거 없으려나....,,,,,EOL
Dialogue_0532,,안에 생일 케이크 모양이 그려져 있는 다이어리다.,,,,,EOL
Dialogue_0533,,다이어리는 그래도 꽤 자주 꺼내 쓰는 듯하다.,,,,,EOL
Dialogue_0534,,비밀번호가...,,,,,EOL
Dialogue_0535,,바닥에 떨어진 책 중 한 권이다.,,,,,EOL
Dialogue_0536,,표지가 특이해보인다.,,,,,EOL
Dialogue_0537,,꿈...에 대하여...?,,,,,EOL
Dialogue_0538,,인덱스 표기가 되어있는걸 보니 이 책은 읽은 것 같다.,,,,,EOL
Dialogue_0539,,한 번 살펴보자,,,,,EOL
Dialogue_0540,,꿈과 현실을 구분하는 방법,,,,,EOL
Dialogue_0541,,꿈에선 뭐든 할 수 있다. 하지만 현실은 그렇지 않다. ,,,,,EOL
Dialogue_0542,,그렇다면 꿈에선 어떻게 뭐든 할 수 있을까.,,,,,EOL
Dialogue_0543,,그건 자각몽에 있다.,,,,,EOL
Dialogue_0544,,꿈이 꿈이란 것을 알아챈다면 그 꿈속에선 뭐든 할 수 있다.,,,,,EOL
Dialogue_0545,,자각몽을 꾸기 위해선 꿈이 꿈이라는 것을 알아채는게 중요하다.,,,,,EOL
Dialogue_0546,,그것을 단련하기 위해서는 꿈일기를 자주 쓰는 것이 좋다.,,,,,EOL
Dialogue_0547,,꿈일기는 잠에서 깨자마자 작성하는 편이 좋다.,,,,,EOL
Dialogue_0548,,자주 하다보면 점차 꿈이 꿈이라는 것을 인지하기 쉬워질 것이다.,,,,,EOL
Dialogue_0549,,현실과 꿈을 구별하는 트리거를 만드는게 좋다.,,,,,EOL
Dialogue_0550,,20XX년 10월 13일 ,,,,,EOL
Dialogue_0551,,또 잡아와서 방에 가두는데 성공했다. ,,,,,EOL
Dialogue_0552,,이번엔 절대 전과 같은 실수는 하지 않아. ,,,,,EOL
Dialogue_0553,,이번엔 나랑 오래오래 살자♡,,,,,EOL
Dialogue_0554,,...죽지 말라는 건….,,,,,EOL
Dialogue_0555,,전에 납치한 사람은 정말 죽은건가?,,,,,EOL
Dialogue_0556,,별모양 스티커이다.,,,,,EOL
Dialogue_0557,,비규칙적으로 붙은 것 같아보이긴 하는데,,,,,EOL
Dialogue_0558,,뭔가 쓰일 곳이 있을지도 모른다.,,,,,EOL
Dialogue_0559,,모양을 기억해두는 쪽이 좋겠어...,,,,,EOL
Dialogue_0560,,나무재질 상자에 우주 느낌 페인팅이 되어있는 반짇고리다.,,,,,EOL
Dialogue_0561,,자세히 보니 위에 별모양 패턴이 들어간 구슬이 있다.,,,,,EOL
Dialogue_0562,,굴리면 굴러갈 것 같은데....,,,,,EOL
Dialogue_0563,,반짇고리가 열렸다.,,,,,EOL
Dialogue_0564,,안에서 실과 바늘이 나왔다.,,,,,EOL
Dialogue_0565,,이거라면 곰인형을 뜯어도 수선할 수 있을 것 같다.,,,,,EOL
Dialogue_0566,,틴케이스다.,,,,,EOL
Dialogue_0567,,위에 스티커들이 붙어있다,,,,,EOL
Dialogue_0568,,관련된 단서가 있었나?,,,,,EOL
Dialogue_0569,,11월 2일에 떠나는 기차표가 들어있다.,,,,,EOL
Dialogue_0570,,기차표엔 포스터에 붙어있던 바다 이미지가 들어가있다.,,,,,EOL
Dialogue_0571,,저 바다로 향하는 기차표인듯하다.,,,,,EOL
Dialogue_0572,,근데 왜 굳이 두 장씩이나?,,,,,EOL
Dialogue_0573,,같이 가는 사람이 있는건가?,,,,,EOL
Dialogue_0574,,쇼핑백들이다.\n내가 좋아하는 옷들이 가득 담겨있다.,,,,,EOL
Dialogue_0575,,전에 나갔을 때 사온건가?,,,,,EOL
Dialogue_0576,,내 취향은 진짜 잘 알고 있단 말이지....,,,,,EOL
Dialogue_0577,,우연이가 어떤 아이인진 아직 잘 모르겠다.,,,,,EOL
Dialogue_0578,,하지만...아직 잘 모르겠는만큼 더 알아가는게 좋을 것 같다는 생각을 했다.,,,,,EOL
Dialogue_0579,,그리고 왠진 모르지만....더 알아갈 수 있지 않을까...?,,,,,EOL
Dialogue_0580,,우연이라는 아이는 잘 모르지만 뭔가 나를 위협하지 않을 것 같다는 희미한 믿음이 마음 어딘가에서 생기고 있다.\n우선 우연을 기다려보자,,,,,EOL
Dialogue_0581,,나를 좋아하는 것 같기도 하니까...,,,,,EOL
Dialogue_0582,,철컥-,,,,,EOL
Dialogue_0583,,돌아왔-,,,,,EOL
Dialogue_0584,,뭐야?\n왜 남아있지?\n분명 아까 잠깐 나를 따라온 것 같았는데?,,,,,EOL
Dialogue_0585,,우연이 급하게 돌아와서 날 보자마자 굳었다.,,,,,EOL
Dialogue_0586,,그러고는 중얼거리기 시작했다.,,,,,EOL
Dialogue_0587,,어?\n그게 아니라 너랑 대화를 하고 싶었어서,,,,,EOL
Dialogue_0588,,아닌데이런적은없었는데나갔다면나와함께들어오거나아니면날피해서도망가야하는데왜여기에있는거지?또꿈인건가?응지금까지이렇게남아있어준적없었으니까분명꿈이겠지트리거트리거가필요해트리거가트리거가뭐였지?아...,,,AUTO/FAST//RED,,EOL
Dialogue_0589,,우연이 내 말은 듣지도 않고 혼잣말을 하기 시작했다....,,,,,EOL
Dialogue_0590,,손톱을 너무 과하게 물어뜯는 것 같은데...\n말려야하는거 아닌가...?,,,,,EOL
Dialogue_0591,,저...저기...우연...?,,,,,EOL
Dialogue_0592,,아아-{PlayerName}♡내이름을불러주는거야?아다정하기도해라♡응응나도사랑해이런모습얼마만이지?이제기억도흐릿하네다정하게이름을불러주던{PlayerName}이라니너무행복해♡근데트리거는없어도되겠어확실해졌거든요즘의{PlayerName}은날다정하게불러주지않으니까예전엔다정하게불러줬던것같은데꿈에서는다정하게부르게할수있으니까좋단말이지-,,,TRUE/AUTO/FAST/RED,,EOL
Dialogue_0593,,영원히꿈에서깨고싶지않아최근의{PlayerName}은(는)나에게다정한모습보여주지않으니까물론너도그럴만한이유가있는걸알고있지만그래도사랑하니까나도어쩔수없었어사랑하는사람이죽어가는건이제그만보고싶단말이야너가날이해해준다면좋을텐데사실대로전부말하려고하면입이닫힌단말이야꿈에서도마찬가지고{PlayerName}도분명이런상황이었으면나랑똑같이했을거야차라리내가죽는다면좋을텐데\n난태어나면안됐으니까난죽어야했으니까,,,TRUE/AUTO/FAST/RED,,EOL
Dialogue_0594,,이꿈에서깨고나면{PlayerName}이날따라서외출하는날인걸까?나오지말라고해도따라나오겠지?왜이렇게내말을못믿어주는지모르겠네예전엔분명잘들어줬던것같은데집에서못나오게막아두기라도하고싶은데그치만외출을못하게막아버리면또혼자죽어버리고마니까외출은하게해줘야하고왜이렇게쉽게죽어버리는거야?차라리네가날죽여줬으면좋겠어그러면이런일들도모두끝나지않을까나는그냥너와행복하고싶을뿐인데,,,TRUE/AUTO/FAST/RED,,EOL
Dialogue_0595,,무슨 말을 하고 있는건지 이해가가지않는다\n우연은 빠르게 말하며 점점 더 나에게 다가온다.,,,,,EOL
Dialogue_0596,,우연을 피해 뒷걸음질치다보니 어느새 방에서 나와 빌라의 복도였다.,,,,,EOL
Dialogue_0597,,더 가까이오면 이 뒤에는 난간인데,,,,,EOL
Dialogue_0598,,뭔진 모르겠는데 조금만 진정을 하면 안될까...?,,,,,EOL
Dialogue_0599,,응{PlayerName}난여기있어항상너의곁에있을거야우린꼭행복한미래를얻을수있을거야\n내가그렇게만들거니까내말만잘들어줘꿈에서일어나면우선{PlayerName}에게나오지말아달라고말하고\n그렇게말해도따라오겠지?너무위험한짓을많이하면빨리널데리고집으로돌아와야되겠지,,,TRUE/AUTO/FAST/RED,,EOL
Dialogue_0600,,무슨 말을 하는거야...\n더 이상 가까히오면 내가 위험해,,,,,EOL
Dialogue_0601,,근데그렇게널데리러가다가너가또죽어버릴수도있으니까조심해야하고그렇게방으로함께돌아오면일주일은외출을하지않을거야다행히그때는딱히외출할일이없는것같으니까하지만그이후는역시흐릿하단말이야기억하기가어려워왜인걸까점점꿈에서할수있는반경이늘어나는만큼현실과꿈은모호해져만가고있어서그런걸까?기억의휘발이빨라져,,,TRUE/AUTO/FAST/RED,,EOL
Dialogue_0602,,꿈과현실이모호해진단말이야점점현실과꿈이가까워지고있어지금도봐봐이곳은우리집이랑너무똑같은모습을하고있잖아전부꿈일게뻔한데왜자꾸나는이곳을벗어나지못하는걸까?이곳을벗어나서꿈꾸기를포기해버리면현실엔날이상하게생각하는{PlayerName}만있겠지나도좋아하는사람한테미움만받는건지쳐사랑받고싶어사랑해사랑해사랑해사랑해사랑해사랑해사랑해미워하지말아줘,,,TRUE/AUTO/FAST/RED,,EOL
Dialogue_0603,,우...우연...!,,,,,EOL
Dialogue_0604,,미워하지 않아!,,,,,EOL
Dialogue_0605,,응?나불렀어?나랑더오래같이있고싶다는걸까?\n아진짜너무귀엽고사랑스러워♡\덕분에행복해졌어,,,AUTO/FAST/RED,,EOL
Dialogue_0606,,그치만이젠꿈에서깨야겠지?곧현실세계에있는{PlayerName}이(가)외출을할시간이거든꿈에서의너도중요하지만나에겐현실속의너도너무소중해이렇게라도또봐서좋네에다음엔좀더다정한말들이듣고싶어예전에해줬던것만같은말들말이야오늘도일어나서꿈일기를적어야지다음번엔더많은걸할수있게될지몰라널가둔걸후회는안하고있지만그래도역시그리운건어쩔수없나봐하지만아무것도안하고싶진않았어나는널세상에서가장사랑해,,,TRUE/AUTO/FAST/RED,,EOL
Dialogue_0607,,꼭 이것만은 믿어줘\n그리고 기억해줘\n꿈에서 깨더라도,,,,,EOL
Dialogue_0608,,아아-그렇게말해주는구나\n기뻐\n이래서는꿈에서깨고싶지않아진단말이야\n영원히이곳에머무르고싶어져,,,AUTO/FAST/RED,,EOL
Dialogue_0609,,아 우연은 지금 꿈과 현실을 구별하지 못하는 것 같아보인다.,,,,,EOL
Dialogue_0610,,난간에 겨우 걸쳐져있던 몸이 떨어진다.,,,,,EOL
Dialogue_0611,,우연은 위에서 날 바라보고 있다.,,,,,EOL
Dialogue_0612,,지금 넌 어떤 표정을 하고 있지?,,,,,EOL
Dialogue_0613,,쿵,,,,,EOL
Dialogue_0614,,시야가 흐려져서 너의 얼굴을 볼 수 없다.,,,,,EOL
Dialogue_0615,,몸이 무겁다.,,,,,EOL
Dialogue_0616,,몸이 차가워진다.,,,,,EOL
Dialogue_0617,,눈이 감긴다.,,,,,EOL
Dialogue_0618,,- [필연의 반복] 엔딩 -,,,,엔딩,EOL
Dialogue_0619,,우연이 뒤를 돌아봤다. ,,,,,EOL
Dialogue_0620,,그 모습에 놀라서 빠르게 걸어서 되돌아왔다.,,,,,EOL
Dialogue_0621,,순간이지만 나를 본 것 같았다.\n분명 눈이 마주쳤던 것으로 기억한다.,,,,,EOL
Dialogue_0622,,전처럼 우연에게 잡힐까봐 많이 걱정하며 달렸다.,,,,,EOL
Dialogue_0623,,유흥가라 그런지 새벽인데도 사람이 많아서 우연에게 잡히진 않았다.,,,,,EOL
Dialogue_0624,,우연을 피해 달렸더니 어느 새 내가 갇혀있던 방문 앞이었다.,,,,,EOL
Dialogue_0625,,주변을 보니 조금씩 밝아지기 시작했다.,,,,,EOL
Dialogue_0626,,곧 있으면 아침인가봐.,,,,,EOL
Dialogue_0627,,지금 내 손에는 손잡이가 잡혀있다.,,,,,EOL
Dialogue_0628,,우연에 대해 조금은 알기 시작했다.\n우연은 우연 나름대로의 목표가 있는 것 같다.,,,,,EOL
Dialogue_0629,,좀 더 명확히 물어본다면 알 수 있을까?,,,,,EOL
Dialogue_0630,,아니면 지금이 우연에게서 벗어날 유일한 기회인걸까?,,,,,EOL
Dialogue_0631,,나는 어떡하지?,,,,,EOL
Dialogue_0632,,나는 우연이에게 궁금한 점이 아직 좀 더 남아있다.,,,,,EOL
Dialogue_0633,,하지만 굳이 더 알아가고 싶다는 생각은 들지 않는다.,,,,,EOL
Dialogue_0634,,또한 이 방에 남아있고 싶지는...,,,,,EOL
Dialogue_0635,,않아,,,,,EOL
Dialogue_0636,,[방을 떠나자.]\n그게 내가 내린 결론이었다.,,,,,EOL
Dialogue_0637,,우연이 집에 돌아오는 건지 복도 끝에서 우연의 모습이 보인다. ,,,,,EOL
Dialogue_0638,,우연이 점차 다가왔다.,,,,,EOL
Dialogue_0639,,{PlayerName}....?,,,TRUE,,EOL
Dialogue_0640,,{PlayerName} 어디 가려는거야?,,,TRUE,,EOL
Dialogue_0641,,이미 떠나기로 결정했기에 다가오는 우연을 피해 달렸다.,,,,,EOL
Dialogue_0642,,우연과 이 이상 함께하는 것은 나만 위험해질 뿐이다.,,,,,EOL
Dialogue_0643,,우연을 피해 달렸다. ,,,,,EOL
Dialogue_0644,,어서 내 집으로 돌아가자.\n그리고 우연의 시선이 닫지 않는 곳에 가서 살아야겠어.,,,,,EOL
Dialogue_0645,,언제 다시 우연이 찾아올지 모르니까....,,,,,EOL
Dialogue_0646,,우연은 뒤를 따라오는 것 같다.\n비상계단 위에서 발소리가 들린다.,,,,,EOL
Dialogue_0647,,더 빨리 달려야 해.,,,,,EOL
Dialogue_0648,,한 동안 운동을 못했더니 숨이 더 쉽게 차는 것 같았다.\n돌아가면 운동이나 건강도 좀 살펴야할 것 같다.,,,,,EOL
Dialogue_0649,,{PlayerName}!!!!!!!!!,,,TRUE,,EOL
Dialogue_0650,,생각에 잠겨 횡단보도를 건너던 그때 뒤에서 날 크게 부르는 소리를 들었다.,,,,,EOL
Dialogue_0651,,그 소리에 잠시 멈칫해서 뒤를 돌아봤다.,,,,,EOL
Dialogue_0652,,뒤를 돌아봄과 동시에 날 이끄는 강한 힘에 몸이 뒤로 당겨졌다.,,,,,EOL
Dialogue_0653,,!!!!!!!!,,,,,EOL
Dialogue_0654,,그 순간 내 앞으로 커다란 트럭이 지나갔다.,,,,,EOL
Dialogue_0655,,조금만 더 내가 나갔다면...\n 그리고 우연이 날 당기지 않았다면 죽었을 수도 있을 거리였다.,,,,,EOL
Dialogue_0656,,놀란 인파 사이에서 다리에 힘이 풀려 주저앉았다.,,,,,EOL
Dialogue_0657,,너무 놀랐는지 시야가 흐릿해졌다.\n사람들이 주변에서 괜찮냐고 물어오는 소리가 들렸다.,,,,,EOL
Dialogue_0658,,신호등에 문제가 있었다는 얘기가 들려온다.,,,,,EOL
Dialogue_0659,,쿵쿵튀는 심장을 겨우 안정시키니 시야에 우연이 들어온다.,,,,,EOL
Dialogue_0660,,우연이 놀란 표정으로 날 바라본다. ,,,,,EOL
Dialogue_0661,,이게...무슨 일이지...?\n설마...시간...시간은....,,,,,EOL
Dialogue_0662,,...이럴 순 없는데....\n그렇지 않고서야 지금까지 이런 일은....,,,,,EOL
Dialogue_0663,,뭐라고 말하는건지 잘 모르겠다.\n우연은 믿기지 않는다는 표정으로 더듬더듬 말을 하고 있었다.,,,,,EOL
Dialogue_0664,,떨어진 우연의 핸드폰에는 최근 생긴 병원의 응급실 번호가 찍혀있었다.,,,,,EOL
Dialogue_0665,,살아있는거지? 응?,,,,,EOL
Dialogue_0666,,...이거면 충분해`응.\n만족해야지...만족해야지...만족해야지...\n이거로 만족할래.,,,,,EOL
Dialogue_0667,,무슨 소리야...?,,,,,EOL
Dialogue_0668,,우연은 알 수 없는 혼잣말을 시작한다.,,,,,EOL
Dialogue_0669,,그러다 한 번 나를 보고 강하게 끌어안았다.,,,,,EOL
Dialogue_0670,,귓가에서 말 한마디를 남기고는 떨어진다.\n후에 한번 더 내 얼굴을 살폈다.,,,,,EOL
Dialogue_0671,,그리고 말 없이 나를 두고 일어났다.,,,,,EOL
Dialogue_0672,,혼란스러운 인파 사이로 우연이 사라진다.,,,,,EOL
Dialogue_0673,,그 이후로 가끔 그 애가 생각나지만 굳이 찾아보진 않았다. ,,,,,EOL
Dialogue_0674,,그 애가 날 왜 감금했는지도 알지 못한다.,,,,,EOL
Dialogue_0675,,하지만 가끔씩 시선이 느껴지는 것 같은 기분을 느끼기도 한다. ,,,,,EOL
Dialogue_0676,,마지막에 남긴 말의 의미는 아직도 잘 모르겠다.,,,,,EOL
Dialogue_0677,,"""행복해져""라니",,,,,EOL
Dialogue_0678,,[우연의 일치] - 엔딩,,,,엔딩,EOL
Dialogue_0679,,지금이라면 반짇고리가 있어서 제대로 곰인형을 뜯어볼 수 있다.,,,,,EOL
Dialogue_0680,,곰인형의 심장에 붙은 천을 뜯었다.,,,,,EOL
Dialogue_0681,,안에선 영양제 같은 것이 나왔다.,,,,,EOL
Dialogue_0682,,내용을 살펴봤지만 단순한 기력보충제다.,,,,,EOL
Dialogue_0683,,먹어볼까?,,,,,EOL
Dialogue_0684,,예,,,,,EOL
Dialogue_0685,,아니오,,,,,EOL
Dialogue_0686,,기력보충제를 먹었다.,,,,,EOL
Dialogue_0687,,체력이 좋아진 기분이야....,,,,,EOL
Dialogue_0688,,우연이 뭘 뒀을줄 알고....,,,,,EOL
Dialogue_0689,,그냥 먹지 말자.,,,,,EOL
Dialogue_0690,,감기약이 놓여있던 곳이다.\n약이 처방약으로 바뀌어 있다.,,,,,EOL
Dialogue_0691,,옆에 놓여진 처방전 같은 것을 보니 정신과 관련된 약이라고 쓰여있다.,,,,,EOL
Dialogue_0692,,역시 요즘 계속 이상해보이던게 기분탓은 아니었나보군....,,,,,EOL
Dialogue_0693,,약이 제대로 안주는 것을 보아 약을 먹는 것 조차 까먹는 것 같다.,,,,,EOL
Dialogue_0694,,제대로 안먹으면 위험할텐데.....,,,,,EOL
Dialogue_0695,,...[기다리자.],,,,,EOL
Dialogue_0696,,지금 우연은 정신상태가 안좋아보인다.,,,,,EOL
Dialogue_0697,,혼자 두고갔다가 무슨 일이 날지 모른다.,,,,,EOL
Dialogue_0698,,날 납치한 납치범을 걱정한다니....,,,,,EOL
Dialogue_0699,,웃겨서 헛웃음이 다 나오네.,,,,,EOL
Dialogue_0700,,그래도 뭔가 직감이 괜찮다고 말하고 있었다.\n우연은 날 해치지 않을 것 같았다.,,,,,EOL
Dialogue_0701,,또한 우연에 대해 계속 알아본 결과 내가 알지 못하는 무언가가 더 있을 것이라는 느낌이 들었다.,,,,,EOL
Dialogue_0702,,분명 우연과 천천히 대화를 해보면 그 비워진 공백들을 메울 수 있지 않을까?,,,,,EOL
Dialogue_0703,,그리고 왠진 모르지만....\n우연은 날 좋아하는 것 같고...,,,,,EOL
Dialogue_0704,,철컥-,,,,,EOL
Dialogue_0705,,돌아왔-,,,,,EOL
Dialogue_0706,,뭐야?\n왜 남아있지?\n분명 아까 잠깐 나를 따라온 것 같았는데?,,,,,EOL
Dialogue_0707,,우연이 급하게 돌아와서 날 보자마자 굳었다.,,,,,EOL
Dialogue_0708,,그러고는 중얼거리기 시작했다.,,,,,EOL
Dialogue_0709,,어?\n그게 아니라 너랑 대화를 하고 싶었어서,,,,,EOL
Dialogue_0710,,아닌데이런적은없었는데나갔다면나와함께들어오거나아니면날피해서도망가야하는데왜여기에있는거지?또꿈인건가?응지금까지이렇게남아있어준적없었으니까분명꿈이겠지트리거트리거가필요해트리거가트리거가뭐였지?아...,,,TRUE/AUTO/FAST/RED,,EOL
Dialogue_0711,,우연이 내 말은 듣지도 않고 혼잣말을 하기 시작했다....,,,TRUE,,EOL
Dialogue_0712,,손톱을 너무 과하게 물어뜯는 것 같은데...\n말려야하는거 아닌가...?,,,,,EOL
Dialogue_0713,,저...저기...우연...?,,,,,EOL
Dialogue_0714,,아아-{PlayerName}♡내이름을불러주는거야?아다정하기도해라♡응응나도사랑해이런모습얼마만이지?이제기억도흐릿하네다정하게이름을불러주던{PlayerName}이라니너무행복해♡근데트리거는없어도되겠어확실해졌거든요즘의{PlayerName}은날다정하게불러주지않으니까예전엔다정하게불러줬던것같은데꿈에서는다정하게부르게할수있으니까좋단말이지-,,,TRUE/AUTO/FAST/RED,,EOL
Dialogue_0715,,영원히꿈에서깨고싶지않아최근의{PlayerName}은(는)나에게다정한모습보여주지않으니까물론너도그럴만한이유가있는걸알고있지만그래도사랑하니까나도어쩔수없었어사랑하는사람이죽어가는건이제그만보고싶단말이야너가날이해해준다면좋을텐데사실대로전부말하려고하면입이닫힌단말이야꿈에서도마찬가지고{PlayerName}도분명이런상황이었으면나랑똑같이했을거야차라리내가죽는다면좋을텐데\n난태어나면안됐으니까난죽어야했으니까,,,TRUE/AUTO/FAST/RED,,EOL
Dialogue_0716,,이꿈에서깨고나면{PlayerName}은(는)또죽어버리는거려나?슬슬끝이다가오고있으니까.으음그렇게되면또바다에가야겠네.나라고기억이남아있는게안무서운건아닌데말이지차라리네가날죽여줬으면좋겠어그러면이런일들도모두끝나지않을까나는그냥너와행복하고싶을뿐인데,,,TRUE/AUTO/FAST/RED,,EOL
Dialogue_0717,,무슨 말을 하고 있는건지 이해가가지않는다\n우연은 빠르게 말하며 점점 더 나에게 다가온다.,,,,,EOL
Dialogue_0718,,우연을 피해 뒷걸음질치다보니 어느새 방에서 나와 빌라의 복도였다.,,,,,EOL
Dialogue_0719,,더 가까이오면 이 뒤에는 난간인데,,,TRUE,,EOL
Dialogue_0720,,뭔진 모르겠는데 조금만 진정을 하면 안될까...?,,,,,EOL
Dialogue_0721,,응{PlayerName}난여기있어항상너의곁에있을거야우린꼭행복한미래를얻을수있을거야내가그렇게만들거거야얼마의시간이걸리든난꼭해낼거니까.하아다시모든게처음으로돌아간다면나는또뭐부터시작해야하려나.우선학교를그만두고알바부터해야겠지?학교를그만두는건아쉽지만그래야지네가편하게머물수있을테니까.그리고또너무힘들때면우리의흔적을찾아돌아다닐거야.,,,TRUE/AUTO/FAST/RED,,EOL
Dialogue_0722,,무슨 말을 하는거야...\n더 이상은...내가 위험해,,,,,EOL
Dialogue_0723,,슬슬꿈과현실이모호해져점점현실과꿈이가까워지고있어지금도봐봐이곳은우리집이랑너무똑같은모습을하고있잖아전부꿈일게뻔한데왜자꾸나는이곳을벗어나지못하는걸까?이곳을벗어나서꿈꾸기를포기해버리면현실엔날이상하게생각하는{PlayerName}만있겠지나도좋아하는사람한테미움만받는건지쳐사랑받고싶어사랑해사랑해사랑해사랑해사랑해사랑해사랑해미워하지말아줘,,,TRUE/AUTO/FAST/RED,,EOL
Dialogue_0724,,꿈이 아니야.,,,TRUE/AUTO/FAST/RED,,EOL
Dialogue_0725,,정신 차려!,,,,,EOL
Dialogue_0726,,정신 차려!\n여긴 꿈이 아니야.,,,,,EOL
Dialogue_0727,,뭐?,,,,,EOL
Dialogue_0728,,여긴 꿈이 아니라고.\n네 앞에 있는 나를 봐.,,,,,EOL
Dialogue_0729,,어...그러니까....,,,,,EOL
Dialogue_0730,,날 떠나지 않은거야?\n정말로?\n어째서?,,,,,EOL
Dialogue_0731,,내가 떠나길 바랐던거야?,,,,,EOL
Dialogue_0732,,우연을 붙잡고 말했다.,,,,,EOL
Dialogue_0733,,그렇진 않아....\n하지만...이랬던 적은 여태 한번도...,,,,,EOL
Dialogue_0734,,우연의 눈에 빛이 들더니 이내 눈물이 차오르기 시작했다.,,,,,EOL
Dialogue_0735,,우연은 내 손을 잡고 한동안을 가만히 있었다.\n우연을 이끌어 다시 방 안으로 들어갔다.,,,,,EOL
Dialogue_0736,,난 아직 너를 잘 모르겠어.,,,,,EOL
Dialogue_0737,,우는 우연을 앉혀두고 천천히 말을 걸었다.,,,,,EOL
Dialogue_0738,,하지만 우리에게 시간은 많아.\n그러니 천천히 얘기해보자.,,,,,EOL
Dialogue_0739,,너의 이야기를 들려주지 않을래?,,,,,EOL
Dialogue_0740,,지금은 안돼...\n...\n...,,,,,EOL
Dialogue_0741,,...다,,,,,EOL
Dialogue_0742,,뭐?,,,,,EOL
Dialogue_0743,,바다에 갈래...?\n가서...가서 말해줄게....,,,,,EOL
Dialogue_0744,,지금 당장?,,,,,EOL
Dialogue_0745,,응.... 이 곳과 가까우니까 괜찮을거야.\n티켓도 이미 있어.,,,,,EOL
Dialogue_0746,,우연은 눈물을 닦고 수납장 안에서 틴케이스를 가지고 왔다.,,,,,EOL
Dialogue_0747,,틴케이스를 여니 나온 것은 한 장의 티켓이었다.,,,,,EOL
Dialogue_0748,,이미 우연과 대화하기로 했으니 이 정도 억지는 들어줘도 괜찮지 않을까?\n딱히 다른 방법도 없고....,,,,,EOL
Dialogue_0749,,알겠어.,,,,,EOL
Dialogue_0750,,그렇게 말해줘서 고마워....,,,,,EOL
Dialogue_0751,,우연은 손으로 내 옷을 꼭 잡고 말했다.,,,,,EOL
Dialogue_0752,,당장이라도 내가 도망갈 것 같아 두려워 보였다.,,,,,EOL
Dialogue_0753,,우연은 내 대답을 듣고는 짐도 챙기지 않고는 내 손만 끌고 바다로 향했다.,,,,,EOL
Dialogue_0754,,역에서 바다는 가까웠기에 금방 도착했다.\n시간은 6시 30분을 막 넘긴 시간이었다.,,,,,EOL
Dialogue_0755,,우연이 해변에 앉길래 나도 그 옆에 앉았다.,,,,,EOL
Dialogue_0756,,네가 살아서 기뻐...\n나는...나는 오랫동안 너를 살리고 싶었어.,,,,,EOL
Dialogue_0757,,그게 무슨 소리야?,,,,,EOL
Dialogue_0758,,너는 기억 못하겠지만 아주 먼 옛날 너는 나를 살려준 적이 있어.\n나 엄마랑 아빠한테 학대를 받고 자랐거든.,,,,,EOL
Dialogue_0759,,엄마랑 아빠는 사이비였는데 난 그 종교의 저주받은 날에 태어나서....,,,,,EOL
Dialogue_0760,,그래서 늘 나한테 태어나면 안됐던 아이라고 했어.,,,,,EOL
Dialogue_0761,,그때 네가 날 도와줬어.\n기억...못하겠지...?,,,,,EOL
Dialogue_0762,,...그런 기억은 없어.,,,,,EOL
Dialogue_0763,,그럴거야.\n그건 처음의 기억이니까...,,,,,EOL
Dialogue_0764,,[날 만나서 나에게 삶의 의미를 알려준 너는 이미 죽었으니까.],,,,,EOL
Dialogue_0765,,그 이후의 이야기들은 솔직히 정상적인 말은 아니었다.,,,,,EOL
Dialogue_0766,,나는 늘 11월 2일 오전 6시 30분을 넘기기 전에 필연적으로 죽는다고 했다,,,,,EOL
Dialogue_0767,,이 바다는 첫번째의 나와 함께 오기로 약속한 곳이라고 한다.,,,,,EOL
Dialogue_0768,,첫번째의 내가 죽고 이 곳에서 우연도 함께 삶을 끝내고자 했다.,,,,,EOL
Dialogue_0769,,그리고 우연의 일치인지 우연은 눈을 떠보니 시간은 우리의 첫만남 일주일 전으로 옮겨져 있었다.,,,,,EOL
Dialogue_0770,,우연의 말에 따르면 자신의 회귀 사실을 발설하려하면 입이 막혀 아무말도 할 수 없었다고 한다.,,,,,EOL
Dialogue_0771,,지금은 처음 맞는 시간이기 떄문인지 가능한 것 같아보이지만...,,,,,EOL
Dialogue_0772,,솔직히 나도 못믿을 것 같았다.\n하지만 우연을 만나고 나서 꾸게된 기묘한 꿈들 때문인지 이해할 수 있게 되었다.,,,,,EOL
Dialogue_0773,,꿈이라 생각했던 것들은 꿈이 아니었다는 것처럼 조금씩 선명해졌다.,,,,,EOL
Dialogue_0774,,아직 나는 우연과 나눌 알지 못하는 기억들이 많다.,,,,,EOL
Dialogue_0775,,천천히 조금씩 이야기를 나눠보자.,,,,,EOL
Dialogue_0776,,지금의 우리에겐 시간이 많으니까.,,,,,EOL
Dialogue_0777,,[필연 속 우연] 엔딩,,,,엔딩,EOL
Dialogue_0778,,{PlayerName}! 오늘도 별 일 없이 잘 지내고 있었어?,,,TRUE,,EOL
Dialogue_0779,,흠...어째 집이 조금 어수선해졌나 싶기도 하고....,,,,,EOL
Dialogue_0780,,들켰나...?,,,,,EOL
Dialogue_0781,,뭐! 기분 탓인가?,,,,,EOL
Dialogue_0782,,기분 탓이야.,,,,,EOL
Dialogue_0783,,아침이랑 똑같은데?,,,TRUE,,EOL
Dialogue_0784,,그치?!\n음....{PlayerName}이(가) 그렇다면 그런거겠지?,,,TRUE,,EOL
Dialogue_0785,,설마 방을 몰래 뒤져보기라도 하겠어?,,,,,EOL
Dialogue_0786,,기본 예의가 아니잖아 그런거~,,,,,EOL
Dialogue_0787,,...보통 납치범이 할만한 말은 아닌 것 같은데...,,,,,EOL
Dialogue_0788,,어어...그치...,,,,,EOL
Dialogue_0789,,괜히 찔려서 눈을 피했다. ,,,TRUE,,EOL
Dialogue_0790,,진짜...오늘도 외출했는데 길거리에 어른들이 잔뜩이어서 너무 힘들었던거 있지?,,,,,EOL
Dialogue_0791,,특히 사이비 사람들이 말걸어오는건 최악이야....,,,,,EOL
Dialogue_0792,,뭐라고 대답하고 싶은데 결국 아무 말도 못하고 또 길거리에서 숨쉬는 법도 잊을뻔했던거 있지?,,,,,EOL
Dialogue_0793,,거기다 어른이 조금만 큰소리로 말하면....\n꼭 내가 태어난게 잘못된 것 같이 느껴져....,,,,,EOL
Dialogue_0794,,역시 인간 실격 같은거려나~\n부끄럼 많은 생애 같은거지,,,TRUE,,EOL
Dialogue_0795,,태어나지 않았다면 좋았을텐데....,,,,,EOL
Dialogue_0796,,그렇게까지 생각하지 않는게 좋지 않을까?,,,,,EOL
Dialogue_0797,,괜찮아?,,,,,EOL
Dialogue_0798,,아아-♡ 역시 {PlayerName}은(는) 그렇게 말해줄 줄 알았어!,,,TRUE,,EOL
Dialogue_0799,,...내가 무슨 말을 했다고.,,,,,EOL
Dialogue_0800,,그래도 날 위해서 해준 말이잖아?,,,,,EOL
Dialogue_0801,,이런 사람은 잘 없단 말이야.\n특히 내 주변엔.,,,,,EOL
Dialogue_0802,,역시 데려오는 걸 포기하지 않은 건 정말 잘한 것 같아!,,,,,EOL
Dialogue_0803,,있잖아.\n떠나면 안돼.\n알았지?,,,,,EOL
Dialogue_0804,,난 정말 네가 없으면 죽는 것 밖에 방법이 없으니까....,,,,,EOL
Dialogue_0805,,알았지?,,,,,EOL
Dialogue_0806,,우연이 내 옷 소매를 쥐고 말한다.,,,,,EOL
Dialogue_0807,,...이러니까 주변에 사람이 없었지.,,,,,EOL
Dialogue_0808,,{PlayerName}! {PlayerName}! ,,,TRUE,,EOL
Dialogue_0809,,이거 봐 {PlayerName}! 나 오늘 사온 열쇠고리!,,,TRUE,,EOL
Dialogue_0810,,곰도리 모양이다?\n귀엽지?,,,,,EOL
Dialogue_0811,,좋아해?,,,,,EOL
Dialogue_0812,,비슷한 거 많지 않아?,,,,,EOL
Dialogue_0813,,미묘하게 다르다고!!\n센스 없어.,,,,,EOL
Dialogue_0814,,다...당연히 좋아하지!\n{PlayerName}!을 세상에서 가장 좋아하는 건 나일걸?!,,,TRUE,,EOL
Dialogue_0815,,아니 나 말고.\n그 곰....,,,,,EOL
Dialogue_0816,,아...,,,,,EOL
Dialogue_0817,,응! 좋아해.,,,,,EOL
Dialogue_0818,,좋아하는 이유라도 있어?,,,,,EOL
Dialogue_0819,,으음...이유라고 하기엔 좀 부끄러운데...\n특별히 {PlayerName}에게만 말해줄게!,,,,,EOL
Dialogue_0820,,그....좋아하는 사람이랑 처음 주고 받은 커플 아이템이거든♡,,,TRUE,,EOL
Dialogue_0821,,뭐` 다 과거지만.,,,,,EOL
Dialogue_0822,,잠깐 우연의 얼굴이 슬퍼보였다.,,,,,EOL
Dialogue_0823,,...이런거 신경써봤자 뭐해.,,,,,EOL
Dialogue_0824,,어차피 납치범일뿐인데.,,,,,EOL
Dialogue_0825,,현혹되지 말자.,,,,,EOL
Dialogue_0826,,벌써 귀가시간인가?,,,,,EOL
Dialogue_0827,,우연과 함께 지낸지 어느 덧 4일째다.,,,,,EOL
Dialogue_0828,,슬슬 긴장이 풀리는 건지 이젠 잠도 잘 오는 것 같다.,,,,,EOL
Dialogue_0829,,졸려....,,,,,EOL
Dialogue_0830,,{PlayerName}!! 나 왔...,,,TRUE,,EOL
Dialogue_0831,,뭐야...벌써 자?,,,,,EOL
Dialogue_0832,,할 수 없지....\n잘 자...,,,,,EOL
Dialogue_0833,,나 역시 태어나면 안됐던 걸까?,,,,,EOL
Dialogue_0834,,그게 무슨 소리야.,,,,,EOL
Dialogue_0835,,네가 있어서 지금 이렇게 나랑 잘 지내고 있잖아.,,,,,EOL
Dialogue_0836,,그치만....\n집에서 어른들이 다 난 태어나면 안됐다고 그랬어....,,,,,EOL
Dialogue_0837,,그런 생각 하지마.\n그 어른들 다 이상한 사람들이니까.,,,,,EOL
Dialogue_0838,,응....,,,,,EOL
Dialogue_0839,,그 사람들은 잊고 우리 꼭 오래오래 행복하자 알았지?\n여기 곰인형도 지켜준대,,,,,EOL
Dialogue_0840,,꿈에 우연과...다른 누군가가 나왔다.\n며칠동안 우연만 봤더니 우연이 꿈에 나온걸까.,,,,,EOL
Dialogue_0841,,...이상한 꿈이야.,,,,,EOL
Dialogue_0842,,좋은 아침!\n오늘은 꽤 늦게까지 잤네?,,,,,EOL
Dialogue_0843,,뭔가 평소보다 더 잔 것 같아.,,,,,EOL
Dialogue_0844,,어떻,,,,,EOL
Dialogue_0845,,어떻게 알았냐고?,,,,,EOL
Dialogue_0846,,당연히 전부 기록해놔야지!\n오래오래 함께 해야하니까!,,,,,EOL
Dialogue_0847,,다녀올게!\n얌전히 있어!,,,,,EOL
Dialogue_0848,,{PlayerName}!! 나 왔어!!!,,,TRUE,,EOL
Dialogue_0849,,...오늘따라 유독 더 밝네.,,,,,EOL
Dialogue_0850,,무슨 일 있었어?,,,,,EOL
Dialogue_0851,,응! 그야 내일부터는 주말이니까!,,,,,EOL
Dialogue_0852,,집에서 {PlayerName} 곁에만 꼭 붙어있을거야♡,,,TRUE,,EOL
Dialogue_0853,,이렇게 {PlayerName}(이)랑 붙어있을 생각하니까 벌써 너무 신난다!,,,TRUE,,EOL
Dialogue_0854,,으음...지금은 좀 상황이 이러니 힘들겠지만! 나중에 우리 같이 공원 데이트도 하고 수족관도 가고....또 바다!\n바다도 가자!,,,,,EOL
Dialogue_0855,,아...그러고 보니,,,,,EOL
Dialogue_0856,,방에 붙어있는 저 포스터도 바다 였었지?,,,,,EOL
Dialogue_0857,,아~! 맞아 저 포스터!,,,,,EOL
Dialogue_0858,,우연이 칼을 가져와서 포스터를 뜯고 뒷 부분을 보여준다.,,,,,EOL
Dialogue_0859,,포스터에 뒷부분엔 베스트 데이트 코스라고 적혀 있었다.,,,,,EOL
Dialogue_0860,,여기 엄청 유명한 데이트 코스라고하거든!,,,,,EOL
Dialogue_0861,,꼭...꼭...둘이서 가보고 싶어!\n내 소원이야!,,,,,EOL
Dialogue_0862,,이룰 수 있으면 좋겠네.,,,,,EOL
Dialogue_0863,,응!,,,,,EOL
Dialogue_0864,,뭐`나랑은 상관 없는 얘기겠지만.,,,,,EOL
Dialogue_0865,,벌써 귀가시간인가?,,,,,EOL
Dialogue_0866,,우연과 함께 지낸지 어느 덧 4일째다.,,,,,EOL
Dialogue_0867,,슬슬 긴장이 풀리는 건지 이젠 잠도 잘 오는 것 같다.,,,,,EOL
Dialogue_0868,,졸려....,,,,,EOL
Dialogue_0869,,{PlayerName}!! 나 왔...,,,TRUE,,EOL
Dialogue_0870,,뭐야...벌써 자?,,,,,EOL
Dialogue_0871,,할 수 없지....\n잘 자...,,,,,EOL
Dialogue_0872,,죄송해요.\n죄송해요.,,,,,EOL
Dialogue_0873,,왜 하필 너 같은게 태어나서!!!,,,,,EOL
Dialogue_0874,,너 때문에 교주님을 뵐 면목이 없는거 알아?,,,,,EOL
Dialogue_0875,,죄송해요...\n죄송해요....,,,,,EOL
Dialogue_0876,,이런 애 따위 태어나지 않는게 좋았을텐데.,,,,,EOL
Dialogue_0877,,쯧\n왜 하필 태어나도....,,,,,EOL
Dialogue_0878,,죄송해요....\n죄송해요....,,,,,EOL
Dialogue_0879,,꿈에 우연과...다른 누군가들이 나왔다.\n며칠동안 우연만 봤더니 우연이 꿈에 나온걸까.,,,,,EOL
Dialogue_0880,,...괜히 찝찝한 꿈을 꿨잖아.,,,,,EOL
Dialogue_0881,,...\n...\n...,,,,,EOL
Dialogue_0882,,다녀올게!\n얌전히 있어!,,,,,EOL
Dialogue_0883,,우연이 나갔다.,,,,,EOL
Dialogue_0884,,오늘도 우연 귀가 전가지 무리하지 말고 방을 살펴보자,,,,,EOL
,,,,,,,EOL
,,,,,,,EOL
,,,,,,,EOL
,,,,,,,EOL
,,,,,,,EOL
,,,,,,,EOL
,,,,,,,EOL
,,,,,,,EOL
,,,,,,,EOL
,,,,,,,EOL
,,,,,,,EOL
,,,,,,,EOL
,,,,,,,EOL
,,,,,,,EOL
,,,,,,,EOL
,,,,,,,EOL
,,,,,,,EOL
,,,,,,,EOL
,,,,,,,EOL
,,,,,,,EOL
,,,,,,,EOL
,,,,,,,EOL
,,,,,,,EOL
,,,,,,,EOL
,,,,,,,EOL
,,,,,,,EOL
,,,,,,,EOL
,,,,,,,EOL
,,,,,,,EOL
,,,,,,,EOL
,,,,,,,EOL
,,,,,,,EOL
,,,,,,,EOL
,,,,,,,EOL
,,,,,,,EOL
,,,,,,,EOL
,,,,,,,EOL
,,,,,,,EOL
,,,,,,,EOL
,,,,,,,EOL
,,,,,,,EOL
,,,,,,,EOL
,,,,,,,EOL
,,,,,,,EOL
,,,,,,,EOL
,,,,,,,EOL
,,,,,,,EOL
,,,,,,,EOL
,,,,,,,EOL
,,,,,,,EOL
,,,,,,,EOL
,,,,,,,EOL
,,,,,,,EOL
,,,,,,,EOL
,,,,,,,EOL
,,,,,,,EOL
,,,,,,,EOL
,,,,,,,EOL
,,,,,,,EOL
,,,,,,,EOL
,,,,,,,EOL
,,,,,,,EOL
,,,,,,,EOL
,,,,,,,EOL
,,,,,,,EOL
,,,,,,,EOL
,,,,,,,EOL
,,,,,,,EOL
,,,,,,,EOL
,,,,,,,EOL
,,,,,,,EOL
,,,,,,,EOL
,,,,,,,EOL
,,,,,,,EOL
,,,,,,,EOL
,,,,,,,EOL
,,,,,,,EOL
,,,,,,,EOL
,,,,,,,EOL
,,,,,,,EOL
,,,,,,,EOL
,,,,,,,EOL
,,,,,,,EOL
,,,,,,,EOL
,,,,,,,EOL
,,,,,,,EOL
,,,,,,,EOL
,,,,,,,EOL
DialogueC_005,,남자A,,,,,EOL
DialogueC_006,,여자A,,,,,EOL
,,,,,,,EOL
DiaryTest_2A,,2A,,,,,EOL
DiaryTest_2B,,2B,,,,,EOL
DiaryTest_3A,,3A,,,,,EOL
DiaryTest_3B,,3B,,,,,EOL
DiaryTest_4A,,4A,,,,,EOL
DiaryTest_4B,,4B,,,,,EOL
DiaryTest_5A,,5A,,,,,EOL
DiaryTest_5B,,5B,,,,,EOL
DiaryTest_6A,,6A,,,,,EOL
DiaryTest_6B,,6B,,,,,EOL
DiaryTest_7A,,7A,,,,,EOL
DiaryTest_7B,,7B,,,,,EOL
DiaryTest_8A,,8A,,,,,EOL
DiaryTest_8B,,8B,,,,,EOL